"LOCATION_ID","RETAILER_ID","SPS_RETAILER_NAME_KEY","SPS_CUSTOMER_LOCATION_KEY","STORE_NUMBER","STORE_NAME","LOCATION_TYPE","ADDRESS","CITY","STATE","POSTAL_CODE","COUNTRY","SPS_COUNTRY_CODE","SPS_COUNTRY","SPS_LATITUDE","SPS_LONGITUDE","REGION","CLIMATE","BANNER","STORE_CLASSIFICATION","STORE_SIZE","OPEN_DATE","CLOSE_DATE","CURRENCY_CODE","IS_SYNTHETIC"
"FL_0001","FL","Foot Locker","FL_LOC_000001","001001","Foot Locker #1001","STORE","3000 Peachtree Rd","Atlanta","GA","30305","USA","US","USA",33.839800,-84.377600,"Southeast","Subtropical","Foot Locker","A-Tier","Large","2010-05-26","\N","USD",true
"FL_0002","FL","Foot Locker","FL_LOC_000002","001002","Kids Foot Locker #1002","STORE","200 E Pratt St","Baltimore","MD","21202","USA","US","USA",39.286200,-76.609900,"Northeast","Temperate","Kids Foot Locker","B-Tier","Small","2017-11-28","\N","USD",true
"FL_0003","FL","Foot Locker","FL_LOC_000003","001003","Kids Foot Locker #1003","STORE","400 Commons Way","Bridgewater","NJ","08807","USA","US","USA",40.596300,-74.604200,"Northeast","Temperate","Kids Foot Locker","B-Tier","Small","2007-07-28","\N","USD",true
"FL_0004","FL","Foot Locker","FL_LOC_000004","001004","Foot Locker #1004","STORE","900 N Michigan Ave","Chicago","IL","60611","USA","US","USA",41.898900,-87.624200,"Midwest","Continental","Foot Locker","A-Tier","Large","2018-03-20","\N","USD",true
"FL_0005","FL","Foot Locker","FL_LOC_000005","001005","Foot Locker #1005","STORE","3333 Bristol St","Costa Mesa","CA","92626","USA","US","USA",33.684600,-117.886200,"West","Mediterranean","Foot Locker","A-Tier","Medium","2007-07-31","\N","USD",true
"FL_0006","FL","Foot Locker","FL_LOC_000006","001006","Foot Locker #1006","STORE","8687 N Central Expy","Dallas","TX","75225","USA","US","USA",32.866400,-96.770400,"South","Subtropical","Foot Locker","A-Tier","Medium","2013-09-27","\N","USD",true
"FL_0007","FL","Foot Locker","FL_LOC_000007","001007","WSS #1007","STORE","5440 Whittier Blvd","East LA","CA","90022","USA","US","USA",34.023800,-118.169100,"West","Mediterranean","WSS","C-Tier","Large","2004-09-04","\N","USD",true
"FL_0008","FL","Foot Locker","FL_LOC_000008","001008","Foot Locker #1008","STORE","500 Baybrook Mall","Friendswood","TX","77546","USA","US","USA",29.530000,-95.155500,"South","Subtropical","Foot Locker","B-Tier","Large","2016-12-12","\N","USD",true
"FL_0009","FL","Foot Locker","FL_LOC_000009","001009","Foot Locker #1009","STORE","6801 Hollywood Blvd","Los Angeles","CA","90028","USA","US","USA",34.101700,-118.338700,"West","Mediterranean","Foot Locker","A-Tier","Large","2015-08-29","\N","USD",true
"FL_0010","FL","Foot Locker","FL_LOC_000010","001010","Champs Sports #1010","STORE","8500 Beverly Blvd","Los Angeles2","CA","90048","USA","US","USA",34.076300,-118.373500,"West","Mediterranean","Champs Sports","B-Tier","Small","2004-02-14","\N","USD",true
"FL_0011","FL","Foot Locker","FL_LOC_000011","001011","Foot Locker #1011","STORE","701 S Miami Ave","Miami","FL","33130","USA","US","USA",25.765800,-80.193600,"Southeast","Tropical","Foot Locker","A-Tier","Medium","2005-12-28","\N","USD",true
"FL_0012","FL","Foot Locker","FL_LOC_000012","001012","Foot Locker #1012","STORE","1065 Ave of Americas","NYC2","NY","10018","USA","US","USA",40.753700,-73.984100,"Northeast","Temperate","Foot Locker","A-Tier","Medium","2018-11-23","\N","USD",true
"FL_0013","FL","Foot Locker","FL_LOC_000013","001013","Foot Locker #1013","STORE","100 W 42nd St","New York","NY","10036","USA","US","USA",40.756600,-73.986700,"Northeast","Temperate","Foot Locker","A-Tier","Large","2011-12-13","\N","USD",true
"FL_0014","FL","Foot Locker","FL_LOC_000014","001014","Champs Sports #1014","STORE","2301 NW Expy","Oklahoma City","OK","73112","USA","US","USA",35.519700,-97.565900,"South","Subtropical","Champs Sports","B-Tier","Medium","2009-04-07","\N","USD",true
"FL_0015","FL","Foot Locker","FL_LOC_000015","001015","Foot Locker #1015","INTERNET","Online","Online","NA","00000","USA","US","USA",0.000000,0.000000,"National","N/A","Foot Locker","Digital","N/A","2011-03-08","\N","USD",true
"FL_0016","FL","Foot Locker","FL_LOC_000016","001016","Champs Sports #1016","STORE","1 Garden State Plz","Paramus","NJ","07652","USA","US","USA",40.919600,-74.075900,"Northeast","Temperate","Champs Sports","B-Tier","Medium","2008-10-11","\N","USD",true
"FL_0017","FL","Foot Locker","FL_LOC_000017","001017","WSS #1017","STORE","1450 Arden Way","Sacramento","CA","95815","USA","US","USA",38.600700,-121.440500,"West","Mediterranean","WSS","C-Tier","Medium","2021-02-09","\N","USD",true
"FL_0018","FL","Foot Locker","FL_LOC_000018","001018","Foot Locker #1018","STORE","7014 E Camelback Rd","Scottsdale","AZ","85251","USA","US","USA",33.508200,-111.929700,"Southwest","Arid","Foot Locker","A-Tier","Medium","2013-10-20","\N","USD",true
"FL_0019","FL","Foot Locker","FL_LOC_000019","001019","Foot Locker #1019","STORE","1301 2nd Ave","Seattle","WA","98101","USA","US","USA",47.607900,-122.336500,"Northwest","Maritime","Foot Locker","A-Tier","Medium","2004-11-15","\N","USD",true
"FL_0020","FL","Foot Locker","FL_LOC_000020","001020","Foot Locker #1020","STORE","2100 Pennsylvania Ave","Washington","DC","20037","USA","US","USA",38.902800,-77.048500,"Northeast","Temperate","Foot Locker","A-Tier","Medium","2018-07-23","\N","USD",true
"UO_0001","UO","Urban Outfitters","UO_LOC_000001","003001","Urban Outfitters #3001","STORE","2621 Guadalupe St","Austin","TX","78705","USA","US","USA",30.292100,-97.741700,"South","Subtropical","Urban Outfitters","A-Tier","Medium","2017-12-08","\N","USD",true
"UO_0002","UO","Urban Outfitters","UO_LOC_000002","003002","Urban Outfitters #3002","STORE","535 S Lamar Blvd","Austin2","TX","78704","USA","US","USA",30.255400,-97.760100,"South","Subtropical","Urban Outfitters","B-Tier","Medium","2019-12-06","\N","USD",true
"UO_0003","UO","Urban Outfitters","UO_LOC_000003","003003","Urban Outfitters #3003","STORE","611 S Congress Ave","Austin3","TX","78704","USA","US","USA",30.250100,-97.750200,"South","Subtropical","Urban Outfitters","B-Tier","Small","2011-01-11","\N","USD",true
"UO_0004","UO","Urban Outfitters","UO_LOC_000004","003004","Urban Outfitters #3004","STORE","342 Newbury St","Boston","MA","02115","USA","US","USA",42.348700,-71.085600,"Northeast","Temperate","Urban Outfitters","A-Tier","Medium","2013-09-23","\N","USD",true
"UO_0005","UO","Urban Outfitters","UO_LOC_000005","003005","Urban Outfitters #3005","STORE","400 Commons Way","Bridgewater","NJ","08807","USA","US","USA",40.596300,-74.604200,"Northeast","Temperate","Urban Outfitters","C-Tier","Small","2019-04-14","\N","USD",true
"UO_0006","UO","Urban Outfitters","UO_LOC_000006","003006","Urban Outfitters #3006","STORE","1521 N Milwaukee Ave","Chicago","IL","60622","USA","US","USA",41.908600,-87.669200,"Midwest","Continental","Urban Outfitters","A-Tier","Medium","2010-10-15","\N","USD",true
"UO_0007","UO","Urban Outfitters","UO_LOC_000007","003007","Urban Outfitters #3007","STORE","1020 W Armitage Ave","Chicago2","IL","60614","USA","US","USA",41.918100,-87.654600,"Midwest","Continental","Urban Outfitters","B-Tier","Small","2009-12-10","\N","USD",true
"UO_0008","UO","Urban Outfitters","UO_LOC_000008","003008","Urban Outfitters #3008","STORE","3307 M St NW","Georgetown","DC","20007","USA","US","USA",38.905300,-77.061400,"Northeast","Temperate","Urban Outfitters","B-Tier","Small","2013-03-19","\N","USD",true
"UO_0009","UO","Urban Outfitters","UO_LOC_000009","003009","Urban Outfitters #3009","STORE","628 Broadway","New York","NY","10012","USA","US","USA",40.726300,-73.996000,"Northeast","Temperate","Urban Outfitters","A-Tier","Large","2017-03-15","\N","USD",true
"UO_0010","UO","Urban Outfitters","UO_LOC_000010","003010","Urban Outfitters #3010","STORE","1130 Broadway","New York2","NY","10010","USA","US","USA",40.744000,-73.989300,"Northeast","Temperate","Urban Outfitters","A-Tier","Large","2016-08-26","\N","USD",true
"UO_0011","UO","Urban Outfitters","UO_LOC_000011","003011","Urban Outfitters #3011","INTERNET","Online","Online","NA","00000","USA","US","USA",0.000000,0.000000,"National","N/A","Urban Outfitters","Digital","N/A","2009-05-06","\N","USD",true
"UO_0012","UO","Urban Outfitters","UO_LOC_000012","003012","Urban Outfitters #3012","STORE","1627 Walnut St","Philadelphia","PA","19103","USA","US","USA",39.951000,-75.168300,"Northeast","Temperate","Urban Outfitters","Flagship","Large","2017-09-30","\N","USD",true
"UO_0013","UO","Urban Outfitters","UO_LOC_000013","003013","Urban Outfitters #3013","STORE","1809 Walnut St","Philly2","PA","19103","USA","US","USA",39.950400,-75.172000,"Northeast","Temperate","Urban Outfitters","B-Tier","Medium","2013-08-14","\N","USD",true
"UO_0014","UO","Urban Outfitters","UO_LOC_000014","003014","Urban Outfitters #3014","STORE","1700 Haight St","SF Haight","CA","94117","USA","US","USA",37.769300,-122.450900,"West","Mediterranean","Urban Outfitters","B-Tier","Small","2016-10-31","\N","USD",true
"UO_0015","UO","Urban Outfitters","UO_LOC_000015","003015","Urban Outfitters #3015","STORE","2030 Fillmore St","San Francisco","CA","94115","USA","US","USA",37.789100,-122.433900,"West","Mediterranean","Urban Outfitters","A-Tier","Medium","2012-07-27","\N","USD",true
"UO_0016","UO","Urban Outfitters","UO_LOC_000016","003016","Urban Outfitters #3016","STORE","1440 3rd St Promenade","Santa Monica","CA","90401","USA","US","USA",34.017300,-118.494600,"West","Mediterranean","Urban Outfitters","A-Tier","Medium","2009-08-18","\N","USD",true
"UO_0017","UO","Urban Outfitters","UO_LOC_000017","003017","Urban Outfitters #3017","STORE","1426 Montana Ave","Santa Monica2","CA","90403","USA","US","USA",34.028600,-118.493100,"West","Mediterranean","Urban Outfitters","B-Tier","Small","2020-09-18","\N","USD",true
"UO_0018","UO","Urban Outfitters","UO_LOC_000018","003018","Urban Outfitters #3018","STORE","500 Pine St","Seattle","WA","98101","USA","US","USA",47.612000,-122.337100,"Northwest","Maritime","Urban Outfitters","A-Tier","Medium","2009-04-04","\N","USD",true
"UO_0019","UO","Urban Outfitters","UO_LOC_000019","003019","Urban Outfitters #3019","STORE","1100 Abbot Kinney Blvd","Venice","CA","90291","USA","US","USA",33.988900,-118.468400,"West","Mediterranean","Urban Outfitters","B-Tier","Small","2016-06-29","\N","USD",true
"UO_0020","UO","Urban Outfitters","UO_LOC_000020","003020","Urban Outfitters #3020","STORE","1333 M St NW","Washington","DC","20005","USA","US","USA",38.905300,-77.029100,"Northeast","Temperate","Urban Outfitters","A-Tier","Medium","2013-09-27","\N","USD",true
"BP_0001","BP","Bass Pro Shops","BP_LOC_000001","002001","Cabelas #2001","STORE","\N","Allen","TX","75013","USA","US","USA",33.128000,-96.646000,"South","Subtropical","Cabelas","\N","Large","2011-03-09","\N","USD",true
"BP_0002","BP","Bass Pro Shops","BP_LOC_000002","002002","Bass Pro #2002","STORE","\N","Auburn Hills","MI","48326","USA","US","USA",42.714000,-83.228000,"Midwest","Continental","Bass Pro","\N","Large","1996-01-10","\N","USD",true
"BP_0003","BP","Bass Pro Shops","BP_LOC_000003","002003","Bass Pro #2003","STORE","\N","Charlotte","NC","28262","USA","US","USA",35.340000,-80.744000,"Southeast","Subtropical","Bass Pro","\N","Medium","2012-10-21","\N","USD",true
"BP_0004","BP","Bass Pro Shops","BP_LOC_000004","002004","Bass Pro #2004","STORE","\N","Clarksville","IN","47129","USA","US","USA",38.313000,-85.757000,"Midwest","Continental","Bass Pro","\N","Medium","2012-07-25","\N","USD",true
"BP_0005","BP","Bass Pro Shops","BP_LOC_000005","002005","Bass Pro #2005","STORE","\N","Denham Springs","LA","70726","USA","US","USA",30.452000,-90.941000,"South","Subtropical","Bass Pro","\N","Medium","2001-11-10","\N","USD",true
"BP_0006","BP","Bass Pro Shops","BP_LOC_000006","002006","Bass Pro #2006","STORE","\N","Gonzales","LA","70737","USA","US","USA",30.239000,-90.915000,"South","Subtropical","Bass Pro","\N","Medium","2016-04-19","\N","USD",true
"BP_0007","BP","Bass Pro Shops","BP_LOC_000007","002007","Bass Pro #2007","STORE","\N","Grapevine","TX","76051","USA","US","USA",32.942000,-97.073000,"South","Subtropical","Bass Pro","\N","Large","2011-10-06","\N","USD",true
"BP_0008","BP","Bass Pro Shops","BP_LOC_000008","002008","Cabelas #2008","STORE","\N","Hamburg","PA","19526","USA","US","USA",40.558000,-75.978000,"Northeast","Temperate","Cabelas","\N","Large","2020-03-07","\N","USD",true
"BP_0009","BP","Bass Pro Shops","BP_LOC_000009","002009","Bass Pro #2009","STORE","\N","Irvine","CA","92606","USA","US","USA",33.694000,-117.795000,"West","Mediterranean","Bass Pro","\N","Medium","2010-10-25","\N","USD",true
"BP_0010","BP","Bass Pro Shops","BP_LOC_000010","002010","Bass Pro #2010","STORE","\N","Memphis","TN","38134","USA","US","USA",35.128000,-89.865000,"South","Subtropical","Bass Pro","\N","Large","2017-01-14","\N","USD",true
"BP_0011","BP","Bass Pro Shops","BP_LOC_000011","002011","Bass Pro #2011","INTERNET","\N","Online","NA","00000","USA","US","USA",0.000000,0.000000,"National","N/A","Bass Pro","\N","N/A","1997-01-17","\N","USD",true
"BP_0012","BP","Bass Pro Shops","BP_LOC_000012","002012","Bass Pro #2012","STORE","\N","Orlando","FL","32819","USA","US","USA",28.461000,-81.465000,"Southeast","Tropical","Bass Pro","\N","Large","2021-01-13","\N","USD",true
"BP_0013","BP","Bass Pro Shops","BP_LOC_000013","002013","Bass Pro #2013","STORE","\N","Pearl","MS","39208","USA","US","USA",32.273000,-90.111000,"South","Subtropical","Bass Pro","\N","Medium","2006-02-19","\N","USD",true
"BP_0014","BP","Bass Pro Shops","BP_LOC_000014","002014","Cabelas #2014","STORE","\N","Post Falls","ID","83854","USA","US","USA",47.723000,-116.963000,"Northwest","Continental","Cabelas","\N","Medium","2014-11-24","\N","USD",true
"BP_0015","BP","Bass Pro Shops","BP_LOC_000015","002015","Bass Pro #2015","STORE","\N","Prattville","AL","36066","USA","US","USA",32.468000,-86.424000,"Southeast","Subtropical","Bass Pro","\N","Medium","2019-08-07","\N","USD",true
"BP_0016","BP","Bass Pro Shops","BP_LOC_000016","002016","Cabelas #2016","STORE","\N","Scarborough","ME","04074","USA","US","USA",43.573000,-70.358000,"Northeast","Temperate","Cabelas","\N","Medium","2004-08-03","\N","USD",true
"BP_0017","BP","Bass Pro Shops","BP_LOC_000017","002017","Cabelas #2017","STORE","\N","Sidney","NE","69162","USA","US","USA",41.124000,-102.971000,"Plains","Continental","Cabelas","\N","Medium","2011-05-21","\N","USD",true
"BP_0018","BP","Bass Pro Shops","BP_LOC_000018","002018","Bass Pro #2018","STORE","\N","Somerville","MA","02145","USA","US","USA",42.396000,-71.081000,"Northeast","Temperate","Bass Pro","\N","Large","2003-07-18","\N","USD",true
"BP_0019","BP","Bass Pro Shops","BP_LOC_000019","002019","Bass Pro #2019","STORE","\N","Springfield","MO","65898","USA","US","USA",37.189000,-93.291000,"Midwest","Continental","Bass Pro","\N","Flagship","1996-03-15","\N","USD",true
"BP_0020","BP","Bass Pro Shops","BP_LOC_000020","002020","Bass Pro #2020","STORE","\N","St Charles","MO","63301","USA","US","USA",38.770000,-90.499000,"Midwest","Continental","Bass Pro","\N","Large","2012-07-02","\N","USD",true
