"CALENDAR_DATE","FISCAL_WEEK","FISCAL_YEAR","WEEK_NUMBER","MONTH_NAME","QUARTER","SEASON","IS_HOLIDAY_WEEK","HOLIDAY_NAME"
"2022-09-03","2022-W35",2022,35,"Sep","Q3","Fall",false,"\N"
"2022-09-10","2022-W36",2022,36,"Sep","Q3","Fall",false,"\N"
"2022-09-17","2022-W37",2022,37,"Sep","Q3","Fall",false,"\N"
"2022-09-24","2022-W38",2022,38,"Sep","Q3","Fall",false,"\N"
"2022-10-01","2022-W39",2022,39,"Oct","Q4","Fall",false,"\N"
"2022-10-08","2022-W40",2022,40,"Oct","Q4","Fall",false,"\N"
"2022-10-15","2022-W41",2022,41,"Oct","Q4","Fall",false,"\N"
"2022-10-22","2022-W42",2022,42,"Oct","Q4","Fall",false,"\N"
"2022-10-29","2022-W43",2022,43,"Oct","Q4","Fall",false,"\N"
"2022-11-05","2022-W44",2022,44,"Nov","Q4","Fall",false,"\N"
"2022-11-12","2022-W45",2022,45,"Nov","Q4","Fall",false,"\N"
"2022-11-19","2022-W46",2022,46,"Nov","Q4","Fall",false,"\N"
"2022-11-26","2022-W47",2022,47,"Nov","Q4","Fall",true,"Black Friday / Cyber Monday"
"2022-12-03","2022-W48",2022,48,"Dec","Q4","Winter",true,"Black Friday / Cyber Monday"
"2022-12-10","2022-W49",2022,49,"Dec","Q4","Winter",false,"\N"
"2022-12-17","2022-W50",2022,50,"Dec","Q4","Winter",false,"\N"
"2022-12-24","2022-W51",2022,51,"Dec","Q4","Winter",true,"Christmas"
"2022-12-31","2022-W52",2022,52,"Dec","Q4","Winter",true,"Christmas"
"2023-01-07","2023-W01",2023,1,"Jan","Q1","Winter",true,"New Year"
"2023-01-14","2023-W02",2023,2,"Jan","Q1","Winter",false,"\N"
"2023-01-21","2023-W03",2023,3,"Jan","Q1","Winter",false,"\N"
"2023-01-28","2023-W04",2023,4,"Jan","Q1","Winter",false,"\N"
"2023-02-04","2023-W05",2023,5,"Feb","Q1","Winter",false,"\N"
"2023-02-11","2023-W06",2023,6,"Feb","Q1","Winter",false,"\N"
"2023-02-18","2023-W07",2023,7,"Feb","Q1","Winter",false,"\N"
"2023-02-25","2023-W08",2023,8,"Feb","Q1","Winter",false,"\N"
"2023-03-04","2023-W09",2023,9,"Mar","Q1","Spring",false,"\N"
"2023-03-11","2023-W10",2023,10,"Mar","Q1","Spring",false,"\N"
"2023-03-18","2023-W11",2023,11,"Mar","Q1","Spring",false,"\N"
"2023-03-25","2023-W12",2023,12,"Mar","Q1","Spring",false,"\N"
"2023-04-01","2023-W13",2023,13,"Apr","Q2","Spring",false,"\N"
"2023-04-08","2023-W14",2023,14,"Apr","Q2","Spring",false,"\N"
"2023-04-15","2023-W15",2023,15,"Apr","Q2","Spring",false,"\N"
"2023-04-22","2023-W16",2023,16,"Apr","Q2","Spring",false,"\N"
"2023-04-29","2023-W17",2023,17,"Apr","Q2","Spring",false,"\N"
"2023-05-06","2023-W18",2023,18,"May","Q2","Spring",false,"\N"
"2023-05-13","2023-W19",2023,19,"May","Q2","Spring",false,"\N"
"2023-05-20","2023-W20",2023,20,"May","Q2","Spring",false,"\N"
"2023-05-27","2023-W21",2023,21,"May","Q2","Spring",false,"\N"
"2023-06-03","2023-W22",2023,22,"Jun","Q2","Summer",false,"\N"
"2023-06-10","2023-W23",2023,23,"Jun","Q2","Summer",false,"\N"
"2023-06-17","2023-W24",2023,24,"Jun","Q2","Summer",false,"\N"
"2023-06-24","2023-W25",2023,25,"Jun","Q2","Summer",false,"\N"
"2023-07-01","2023-W26",2023,26,"Jul","Q3","Summer",true,"July 4th"
"2023-07-08","2023-W27",2023,27,"Jul","Q3","Summer",false,"\N"
"2023-07-15","2023-W28",2023,28,"Jul","Q3","Summer",false,"\N"
"2023-07-22","2023-W29",2023,29,"Jul","Q3","Summer",false,"\N"
"2023-07-29","2023-W30",2023,30,"Jul","Q3","Summer",false,"\N"
"2023-08-05","2023-W31",2023,31,"Aug","Q3","Summer",false,"\N"
"2023-08-12","2023-W32",2023,32,"Aug","Q3","Summer",false,"\N"
"2023-08-19","2023-W33",2023,33,"Aug","Q3","Summer",false,"\N"
"2023-08-26","2023-W34",2023,34,"Aug","Q3","Summer",false,"\N"
"2023-09-02","2023-W35",2023,35,"Sep","Q3","Fall",false,"\N"
"2023-09-09","2023-W36",2023,36,"Sep","Q3","Fall",false,"\N"
"2023-09-16","2023-W37",2023,37,"Sep","Q3","Fall",false,"\N"
"2023-09-23","2023-W38",2023,38,"Sep","Q3","Fall",false,"\N"
"2023-09-30","2023-W39",2023,39,"Sep","Q3","Fall",false,"\N"
"2023-10-07","2023-W40",2023,40,"Oct","Q4","Fall",false,"\N"
"2023-10-14","2023-W41",2023,41,"Oct","Q4","Fall",false,"\N"
"2023-10-21","2023-W42",2023,42,"Oct","Q4","Fall",false,"\N"
"2023-10-28","2023-W43",2023,43,"Oct","Q4","Fall",false,"\N"
"2023-11-04","2023-W44",2023,44,"Nov","Q4","Fall",false,"\N"
"2023-11-11","2023-W45",2023,45,"Nov","Q4","Fall",false,"\N"
"2023-11-18","2023-W46",2023,46,"Nov","Q4","Fall",false,"\N"
"2023-11-25","2023-W47",2023,47,"Nov","Q4","Fall",true,"Black Friday / Cyber Monday"
"2023-12-02","2023-W48",2023,48,"Dec","Q4","Winter",true,"Black Friday / Cyber Monday"
"2023-12-09","2023-W49",2023,49,"Dec","Q4","Winter",false,"\N"
"2023-12-16","2023-W50",2023,50,"Dec","Q4","Winter",false,"\N"
"2023-12-23","2023-W51",2023,51,"Dec","Q4","Winter",true,"Christmas"
"2023-12-30","2023-W52",2023,52,"Dec","Q4","Winter",true,"Christmas"
"2024-01-06","2024-W01",2024,1,"Jan","Q1","Winter",true,"New Year"
"2024-01-13","2024-W02",2024,2,"Jan","Q1","Winter",false,"\N"
"2024-01-20","2024-W03",2024,3,"Jan","Q1","Winter",false,"\N"
"2024-01-27","2024-W04",2024,4,"Jan","Q1","Winter",false,"\N"
"2024-02-03","2024-W05",2024,5,"Feb","Q1","Winter",false,"\N"
"2024-02-10","2024-W06",2024,6,"Feb","Q1","Winter",false,"\N"
"2024-02-17","2024-W07",2024,7,"Feb","Q1","Winter",false,"\N"
"2024-02-24","2024-W08",2024,8,"Feb","Q1","Winter",false,"\N"
"2024-03-02","2024-W09",2024,9,"Mar","Q1","Spring",false,"\N"
"2024-03-09","2024-W10",2024,10,"Mar","Q1","Spring",false,"\N"
"2024-03-16","2024-W11",2024,11,"Mar","Q1","Spring",false,"\N"
"2024-03-23","2024-W12",2024,12,"Mar","Q1","Spring",false,"\N"
"2024-03-30","2024-W13",2024,13,"Mar","Q1","Spring",false,"\N"
"2024-04-06","2024-W14",2024,14,"Apr","Q2","Spring",false,"\N"
"2024-04-13","2024-W15",2024,15,"Apr","Q2","Spring",false,"\N"
"2024-04-20","2024-W16",2024,16,"Apr","Q2","Spring",false,"\N"
"2024-04-27","2024-W17",2024,17,"Apr","Q2","Spring",false,"\N"
"2024-05-04","2024-W18",2024,18,"May","Q2","Spring",false,"\N"
"2024-05-11","2024-W19",2024,19,"May","Q2","Spring",false,"\N"
"2024-05-18","2024-W20",2024,20,"May","Q2","Spring",false,"\N"
"2024-05-25","2024-W21",2024,21,"May","Q2","Spring",false,"\N"
"2024-06-01","2024-W22",2024,22,"Jun","Q2","Summer",false,"\N"
"2024-06-08","2024-W23",2024,23,"Jun","Q2","Summer",false,"\N"
"2024-06-15","2024-W24",2024,24,"Jun","Q2","Summer",false,"\N"
"2024-06-22","2024-W25",2024,25,"Jun","Q2","Summer",false,"\N"
"2024-06-29","2024-W26",2024,26,"Jun","Q2","Summer",false,"\N"
"2024-07-06","2024-W27",2024,27,"Jul","Q3","Summer",true,"July 4th"
"2024-07-13","2024-W28",2024,28,"Jul","Q3","Summer",false,"\N"
"2024-07-20","2024-W29",2024,29,"Jul","Q3","Summer",false,"\N"
"2024-07-27","2024-W30",2024,30,"Jul","Q3","Summer",false,"\N"
"2024-08-03","2024-W31",2024,31,"Aug","Q3","Summer",false,"\N"
"2024-08-10","2024-W32",2024,32,"Aug","Q3","Summer",false,"\N"
"2024-08-17","2024-W33",2024,33,"Aug","Q3","Summer",false,"\N"
"2024-08-24","2024-W34",2024,34,"Aug","Q3","Summer",false,"\N"
"2024-08-31","2024-W35",2024,35,"Aug","Q3","Summer",false,"\N"
"2024-09-07","2024-W36",2024,36,"Sep","Q3","Fall",false,"\N"
