source_id,object_name,column_name,published_type,interpretation_status,interpretation,caveat
S16,ACTIVITY,SPS_CUSTOMER_ITEM_KEY,VARCHAR,inferred,Customer item key,Join with retailer key; uniqueness unverified
S16,ACTIVITY,SPS_RETAILER_NAME_KEY,VARCHAR,inferred,Retailer scope key,Generic preview labels do not identify named retailers
S16,ACTIVITY,SPS_CUSTOMER_LOCATION_KEY,VARCHAR,inferred,Customer location key,Join with retailer key; preserve leading zeros
S16,ACTIVITY,SPS_ITEM_MAPPING_KEY,VARCHAR,inferred,Item mapping key,Mapping semantics unverified
S16,ACTIVITY,PERIOD_ENDING_DATE,NUMBER,inferred,Reporting period end,Sample resembles YYYYMMDD; period duration and retail calendar unverified
S16,ACTIVITY,GROSS_SALES_UNITS,VARCHAR,inferred,Gross units,Parse safely; null is not zero
S16,ACTIVITY,GROSS_SALES_COST,VARCHAR,inferred,Gross sales cost,Valuation and currency unverified
S16,ACTIVITY,GROSS_SALES_RETAIL,VARCHAR,inferred,Gross sales retail value,Currency and gross/net definitions unverified
S16,ACTIVITY,GROSS_SALES_MARGIN_VALUE,VARCHAR,inferred,Gross sales margin value,Formula unverified
S16,ACTIVITY,NET_SALES_UNITS,NUMBER,inferred,Net sales units,Return and adjustment treatment unverified
S16,ACTIVITY,NET_SALES_COST,VARCHAR,inferred,Net sales cost,Valuation and currency unverified
S16,ACTIVITY,NET_SALES_RETAIL,NUMBER,inferred,Net sales retail value,Currency unverified; sample zero is not proof of free goods
S16,ACTIVITY,NET_SALES_MARGIN_VALUE,VARCHAR,inferred,Net sales margin value,Formula unverified
S16,ACTIVITY,CUSTOMER_RETURN_UNITS,VARCHAR,inferred,Customer returns units,Sign convention unverified
S16,ACTIVITY,CUSTOMER_RETURN_COST,VARCHAR,inferred,Customer returns cost,Sign and currency unverified
S16,ACTIVITY,CUSTOMER_RETURN_RETAIL,VARCHAR,inferred,Customer returns retail value,Sign and currency unverified
S16,ACTIVITY,CUSTOMER_RETURN_MARGIN_VALUE,VARCHAR,inferred,Customer returns margin,Formula unverified
S16,ACTIVITY,INVENTORY_UNITS,NUMBER,inferred,Inventory snapshot units,Not additive across dates; negative public sample observed
S16,ACTIVITY,INVENTORY_COST,VARCHAR,inferred,Inventory snapshot cost,Not additive across dates; valuation unverified
S16,ACTIVITY,INVENTORY_RETAIL,VARCHAR,inferred,Inventory snapshot retail value,Not additive across dates
S16,ACTIVITY,ON_ORDER_UNITS,NUMBER,inferred,On-order units,Snapshot semantics and ownership scope unverified
S16,ACTIVITY,ON_ORDER_COST,VARCHAR,inferred,On-order cost,Snapshot semantics and valuation unverified
S16,ACTIVITY,ON_ORDER_RETAIL,VARCHAR,inferred,On-order retail value,Snapshot semantics and currency unverified
S16,ACTIVITY,RECEIPT_UNITS,NUMBER,inferred,Received units,Reporting-period and physical receipt definitions unverified
S16,ACTIVITY,RECEIPT_COST,VARCHAR,inferred,Received inventory cost,Valuation unverified
S16,ACTIVITY,RECEIPT_RETAIL,VARCHAR,inferred,Received inventory retail value,Currency unverified
S16,ACTIVITY,IN_TRANSIT_UNITS,NUMBER,inferred,In-transit units,Snapshot and ownership semantics unverified
S16,ACTIVITY,IN_TRANSIT_COST,VARCHAR,inferred,In-transit cost,Snapshot and valuation semantics unverified
S16,ACTIVITY,IN_TRANSIT_RETAIL,VARCHAR,inferred,In-transit retail value,Snapshot and currency semantics unverified
S16,ACTIVITY,RETURN_TO_VENDOR_UNITS,VARCHAR,inferred,Return-to-vendor units,Sign convention unverified
S16,ACTIVITY,RETURN_TO_VENDOR_COST,VARCHAR,inferred,Return-to-vendor cost,Sign and valuation unverified
S16,ACTIVITY,RETURN_TO_VENDOR_RETAIL,VARCHAR,inferred,Return-to-vendor retail value,Sign and currency unverified
S16,ACTIVITY,INVENTORY_ADJUSTMENT_UNITS,VARCHAR,inferred,Inventory adjustment units,Sign and reason-code semantics unverified
S16,ACTIVITY,INVENTORY_ADJUSTMENT_COST,VARCHAR,inferred,Inventory adjustment cost,Sign and valuation unverified
S16,ACTIVITY,INVENTORY_ADJUSTMENT_RETAIL,VARCHAR,inferred,Inventory adjustment retail value,Sign and currency unverified
S16,ACTIVITY,PERMANENT_MARKDOWN_VALUES,VARCHAR,inferred,Permanent markdown value,Formula and period semantics unverified
S16,ACTIVITY,POINT_OF_SALE_MARKDOWN_VALUES,VARCHAR,inferred,POS markdown value,Do not assume additive with permanent markdown without definition
S16,ACTIVITY,TOTAL_MARKDOWN_VALUES,VARCHAR,inferred,Total markdown value,Formula unverified
S16,ACTIVITY,CORPORATE_UNIT_ADJUSTED_COST,NUMBER,inferred,Adjusted unit cost,Not additive; valuation and currency unverified
S16,ACTIVITY,CORPORATE_UNIT_ACQUIRED_COST,NUMBER,inferred,Acquired unit cost,Not additive; valuation and currency unverified
S16,ACTIVITY,CORPORATE_UNIT_OWNED_RETAIL_PRICE,NUMBER,inferred,Owned retail unit price,Not additive; definition and currency unverified
S16,ACTIVITY,INSERT_TIMESTAMP,TIMESTAMP_NTZ,inferred,Insertion timestamp,Timezone unspecified; not business event time
