"ITEM_ID","URBN_SHORT_SKU","VENDOR_UPC","VENDOR_STYLE_NUMBER","STYLE_NUMBER","COLOR_NAME","SIZE_NAME","MAPPING_STATUS","VALID_FROM","VALID_TO","LAST_VERIFIED_AT"
"UO_ITM_01001","UO001001","7155079256344","VND-ET200-Cha","ET200","Charcoal","L","ACTIVE","2024-01-21","\N","2026-09-24 19:26:22.269"
"UO_ITM_01002","UO001002","7826976433174","VND-ET200-Cha","ET200","Charcoal","M","PENDING_REVIEW","2023-08-09","\N","2026-09-24 19:26:22.269"
"UO_ITM_01003","UO001003","7472882484598","VND-ET200-Cha","ET200","Charcoal","S","ACTIVE","2024-04-15","\N","2026-09-24 19:26:22.269"
"UO_ITM_01004","UO001004","7855186688275","VND-ET200-Dus","ET200","Dusty Rose","L","ACTIVE","2023-11-23","\N","2026-09-24 19:26:22.269"
"UO_ITM_01005","UO001005","7554116927324","VND-ET200-Dus","ET200","Dusty Rose","M","ACTIVE","2023-12-01","\N","2026-09-24 19:26:22.269"
"UO_ITM_01006","UO001006","7195576619473","VND-ET200-Ivo","ET200","Ivory","L","ACTIVE","2023-09-07","\N","2026-09-24 19:26:22.269"
"UO_ITM_01007","UO001007","7170137440904","VND-ET200-Ivo","ET200","Ivory","S","PENDING_REVIEW","2023-12-31","\N","2026-09-24 19:26:22.269"
"UO_ITM_01008","UO001008","7795237394484","VND-ET200-Ivo","ET200","Ivory","XS","PENDING_REVIEW","2023-05-11","\N","2026-09-24 19:26:22.269"
"UO_ITM_01009","UO001009","7328285035265","VND-ET200-Sag","ET200","Sage","L","ACTIVE","2024-07-26","\N","2026-09-24 19:26:22.269"
"UO_ITM_01010","UO001010","7101802792590","VND-ET200-Sag","ET200","Sage","M","ACTIVE","2024-02-08","\N","2026-09-24 19:26:22.269"
"UO_ITM_01011","UO001011","7914534889109","VND-ET200-Sag","ET200","Sage","S","ACTIVE","2024-03-25","\N","2026-09-24 19:26:22.269"
"UO_ITM_01012","UO001012","7390039210168","VND-ET200-Sag","ET200","Sage","XS","ACTIVE","2023-11-05","\N","2026-09-24 19:26:22.269"
"UO_ITM_01013","UO001013","7638662029954","VND-ET200-Ter","ET200","Terracotta","XS","ACTIVE","2024-04-27","\N","2026-09-24 19:26:22.269"
"UO_ITM_01014","UO001014","7561400453727","VND-HT500-Cha","HT500","Charcoal","L","PENDING_REVIEW","2024-04-10","\N","2026-09-24 19:26:22.269"
"UO_ITM_01015","UO001015","7310852006064","VND-HT500-Cha","HT500","Charcoal","S","PENDING_REVIEW","2023-04-01","\N","2026-09-24 19:26:22.269"
"UO_ITM_01016","UO001016","7465925366855","VND-HT500-Cha","HT500","Charcoal","XS","ACTIVE","2023-05-21","\N","2026-09-24 19:26:22.269"
"UO_ITM_01017","UO001017","7847540083471","VND-HT500-Dus","HT500","Dusty Rose","M","ACTIVE","2023-11-14","\N","2026-09-24 19:26:22.269"
"UO_ITM_01018","UO001018","7155301825453","VND-HT500-Dus","HT500","Dusty Rose","S","ACTIVE","2023-04-29","\N","2026-09-24 19:26:22.269"
"UO_ITM_01019","UO001019","7386807355483","VND-HT500-Dus","HT500","Dusty Rose","XS","PENDING_REVIEW","2023-06-26","\N","2026-09-24 19:26:22.269"
"UO_ITM_01020","UO001020","7638337547954","VND-HT500-Ivo","HT500","Ivory","L","ACTIVE","2023-11-07","\N","2026-09-24 19:26:22.269"
"UO_ITM_01021","UO001021","7811398921088","VND-HT500-Ivo","HT500","Ivory","M","ACTIVE","2023-03-12","\N","2026-09-24 19:26:22.269"
"UO_ITM_01022","UO001022","7364496164568","VND-HT500-Ivo","HT500","Ivory","S","ACTIVE","2024-01-27","\N","2026-09-24 19:26:22.269"
"UO_ITM_01023","UO001023","7378792558749","VND-HT500-Ivo","HT500","Ivory","XS","ACTIVE","2024-06-05","\N","2026-09-24 19:26:22.269"
"UO_ITM_01024","UO001024","7320789849229","VND-HT500-Sag","HT500","Sage","S","ACTIVE","2024-03-11","\N","2026-09-24 19:26:22.269"
"UO_ITM_01025","UO001025","7398007183822","VND-HT500-Ter","HT500","Terracotta","L","ACTIVE","2024-07-21","\N","2026-09-24 19:26:22.269"
"UO_ITM_01026","UO001026","7138486023346","VND-HT500-Ter","HT500","Terracotta","XS","ACTIVE","2023-12-06","\N","2026-09-24 19:26:22.269"
"UO_ITM_01027","UO001027","7161816576163","VND-MS100-Cha","MS100","Charcoal","S","ACTIVE","2023-07-12","\N","2026-09-24 19:26:22.269"
"UO_ITM_01028","UO001028","7541367406338","VND-MS100-Cha","MS100","Charcoal","XS","ACTIVE","2023-11-24","\N","2026-09-24 19:26:22.269"
"UO_ITM_01029","UO001029","7510375727859","VND-MS100-Dus","MS100","Dusty Rose","S","ACTIVE","2023-07-18","\N","2026-09-24 19:26:22.269"
"UO_ITM_01030","UO001030","7772001258816","VND-MS100-Dus","MS100","Dusty Rose","XS","ACTIVE","2024-06-07","\N","2026-09-24 19:26:22.269"
"UO_ITM_01031","UO001031","7909281152558","VND-MS100-Ivo","MS100","Ivory","M","ACTIVE","2023-03-28","\N","2026-09-24 19:26:22.269"
"UO_ITM_01032","UO001032","7732785372015","VND-MS100-Ivo","MS100","Ivory","XS","ACTIVE","2023-09-16","\N","2026-09-24 19:26:22.269"
"UO_ITM_01033","UO001033","7185568754765","VND-MS100-Sag","MS100","Sage","L","ACTIVE","2024-07-05","\N","2026-09-24 19:26:22.269"
"UO_ITM_01034","UO001034","7779891550456","VND-MS100-Sag","MS100","Sage","S","ACTIVE","2023-07-08","\N","2026-09-24 19:26:22.269"
"UO_ITM_01035","UO001035","7766059537210","VND-MS100-Ter","MS100","Terracotta","L","ACTIVE","2023-08-27","\N","2026-09-24 19:26:22.269"
"UO_ITM_01036","UO001036","7528043044655","VND-PT300-Dus","PT300","Dusty Rose","L","ACTIVE","2024-01-05","\N","2026-09-24 19:26:22.269"
"UO_ITM_01037","UO001037","7871207961559","VND-PT300-Dus","PT300","Dusty Rose","M","ACTIVE","2024-03-15","\N","2026-09-24 19:26:22.269"
"UO_ITM_01038","UO001038","7383581906688","VND-PT300-Dus","PT300","Dusty Rose","XS","ACTIVE","2024-05-10","\N","2026-09-24 19:26:22.269"
"UO_ITM_01039","UO001039","7846519335790","VND-PT300-Ivo","PT300","Ivory","S","ACTIVE","2023-09-07","\N","2026-09-24 19:26:22.269"
"UO_ITM_01040","UO001040","7569538042837","VND-PT300-Sag","PT300","Sage","L","ACTIVE","2023-11-26","\N","2026-09-24 19:26:22.269"
"UO_ITM_01041","UO001041","7847815826422","VND-PT300-Sag","PT300","Sage","M","UNRESOLVED","2023-12-12","\N","2026-09-24 19:26:22.269"
"UO_ITM_01042","UO001042","7845000665175","VND-PT300-Sag","PT300","Sage","XS","ACTIVE","2024-06-26","\N","2026-09-24 19:26:22.269"
"UO_ITM_01043","UO001043","7592816866815","VND-PT300-Ter","PT300","Terracotta","S","ACTIVE","2023-08-17","\N","2026-09-24 19:26:22.269"
"UO_ITM_01044","UO001044","7132574792013","VND-TW400-Cha","TW400","Charcoal","XS","ACTIVE","2024-04-27","\N","2026-09-24 19:26:22.269"
"UO_ITM_01045","UO001045","7657450378151","VND-TW400-Dus","TW400","Dusty Rose","M","ACTIVE","2024-04-25","\N","2026-09-24 19:26:22.269"
"UO_ITM_01046","UO001046","7646686495085","VND-TW400-Dus","TW400","Dusty Rose","XS","ACTIVE","2024-06-27","\N","2026-09-24 19:26:22.269"
"UO_ITM_01047","UO001047","7290654725126","VND-TW400-Ivo","TW400","Ivory","L","PENDING_REVIEW","2023-09-26","\N","2026-09-24 19:26:22.269"
"UO_ITM_01048","UO001048","7408013305976","VND-TW400-Ivo","TW400","Ivory","S","ACTIVE","2024-01-25","\N","2026-09-24 19:26:22.269"
"UO_ITM_01049","UO001049","7224411861873","VND-TW400-Sag","TW400","Sage","L","ACTIVE","2024-07-26","\N","2026-09-24 19:26:22.269"
"UO_ITM_01050","UO001050","7450281457257","VND-TW400-Ter","TW400","Terracotta","M","PENDING_REVIEW","2024-07-30","\N","2026-09-24 19:26:22.269"
"UO_ITM_01051","UO001051","7571855098804","VND-TW400-Ter","TW400","Terracotta","S","ACTIVE","2023-05-18","\N","2026-09-24 19:26:22.269"
"UO_ITM_01052","UO001052","7929481120872","VND-ET200-Cha","ET200","Charcoal","M","ACTIVE","2023-08-15","\N","2026-09-24 19:26:22.269"
"UO_ITM_01053","UO001053","7722577530580","VND-ET200-Cha","ET200","Charcoal","XS","ACTIVE","2023-11-16","\N","2026-09-24 19:26:22.269"
"UO_ITM_01054","UO001054","7178623553955","VND-ET200-Dus","ET200","Dusty Rose","M","ACTIVE","2024-03-05","\N","2026-09-24 19:26:22.269"
"UO_ITM_01055","UO001055","7416665006344","VND-ET200-Dus","ET200","Dusty Rose","S","PENDING_REVIEW","2024-01-05","\N","2026-09-24 19:26:22.269"
"UO_ITM_01056","UO001056","7268845641969","VND-ET200-Ivo","ET200","Ivory","L","ACTIVE","2024-07-20","\N","2026-09-24 19:26:22.269"
"UO_ITM_01057","UO001057","7328122136156","VND-ET200-Ivo","ET200","Ivory","M","ACTIVE","2024-05-24","\N","2026-09-24 19:26:22.269"
"UO_ITM_01058","UO001058","7717982099199","VND-ET200-Ivo","ET200","Ivory","S","ACTIVE","2023-04-19","\N","2026-09-24 19:26:22.269"
"UO_ITM_01059","UO001059","7444549252044","VND-ET200-Ivo","ET200","Ivory","XS","ACTIVE","2024-06-23","\N","2026-09-24 19:26:22.269"
"UO_ITM_01060","UO001060","7523018737941","VND-ET200-Sag","ET200","Sage","M","ACTIVE","2024-01-18","\N","2026-09-24 19:26:22.269"
"UO_ITM_01061","UO001061","7635856959983","VND-ET200-Sag","ET200","Sage","S","PENDING_REVIEW","2023-03-14","\N","2026-09-24 19:26:22.269"
"UO_ITM_01062","UO001062","7343693061846","VND-ET200-Ter","ET200","Terracotta","M","ACTIVE","2023-09-11","\N","2026-09-24 19:26:22.269"
"UO_ITM_01063","UO001063","7785129461548","VND-ET200-Ter","ET200","Terracotta","XS","ACTIVE","2024-05-21","\N","2026-09-24 19:26:22.269"
"UO_ITM_01064","UO001064","7343406529696","VND-HT500-Cha","HT500","Charcoal","XS","ACTIVE","2023-08-17","\N","2026-09-24 19:26:22.269"
"UO_ITM_01065","UO001065","7286542936811","VND-HT500-Dus","HT500","Dusty Rose","XS","ACTIVE","2023-04-06","\N","2026-09-24 19:26:22.269"
"UO_ITM_01066","UO001066","7237943734896","VND-HT500-Ivo","HT500","Ivory","S","ACTIVE","2023-11-22","\N","2026-09-24 19:26:22.269"
"UO_ITM_01067","UO001067","7571286403438","VND-HT500-Sag","HT500","Sage","M","ACTIVE","2024-02-12","\N","2026-09-24 19:26:22.269"
"UO_ITM_01068","UO001068","7460544275073","VND-HT500-Sag","HT500","Sage","XS","ACTIVE","2023-08-23","\N","2026-09-24 19:26:22.269"
"UO_ITM_01069","UO001069","7514524383981","VND-HT500-Ter","HT500","Terracotta","L","ACTIVE","2023-08-12","\N","2026-09-24 19:26:22.269"
"UO_ITM_01070","UO001070","7328344381022","VND-HT500-Ter","HT500","Terracotta","M","UNRESOLVED","2024-03-21","\N","2026-09-24 19:26:22.269"
"UO_ITM_01071","UO001071","7555707222709","VND-HT500-Ter","HT500","Terracotta","S","ACTIVE","2024-01-26","\N","2026-09-24 19:26:22.269"
"UO_ITM_01072","UO001072","7124053112610","VND-HT500-Ter","HT500","Terracotta","XS","UNRESOLVED","2023-11-09","\N","2026-09-24 19:26:22.269"
"UO_ITM_01073","UO001073","7412266554714","VND-MS100-Cha","MS100","Charcoal","M","ACTIVE","2023-07-13","\N","2026-09-24 19:26:22.269"
"UO_ITM_01074","UO001074","7543719317754","VND-MS100-Cha","MS100","Charcoal","S","ACTIVE","2024-07-08","\N","2026-09-24 19:26:22.269"
"UO_ITM_01075","UO001075","7812746530063","VND-MS100-Dus","MS100","Dusty Rose","L","ACTIVE","2024-03-20","\N","2026-09-24 19:26:22.269"
"UO_ITM_01076","UO001076","7534412584622","VND-MS100-Ivo","MS100","Ivory","XS","ACTIVE","2024-05-18","\N","2026-09-24 19:26:22.269"
"UO_ITM_01077","UO001077","7408762318877","VND-MS100-Sag","MS100","Sage","L","ACTIVE","2024-07-08","\N","2026-09-24 19:26:22.269"
"UO_ITM_01078","UO001078","7358809410233","VND-MS100-Sag","MS100","Sage","XS","ACTIVE","2024-05-06","\N","2026-09-24 19:26:22.269"
"UO_ITM_01079","UO001079","7719072841718","VND-MS100-Ter","MS100","Terracotta","L","ACTIVE","2023-11-08","\N","2026-09-24 19:26:22.269"
"UO_ITM_01080","UO001080","7715576721117","VND-MS100-Ter","MS100","Terracotta","M","ACTIVE","2023-05-17","\N","2026-09-24 19:26:22.269"
"UO_ITM_01081","UO001081","7464485246780","VND-MS100-Ter","MS100","Terracotta","S","ACTIVE","2023-11-04","\N","2026-09-24 19:26:22.269"
"UO_ITM_01082","UO001082","7882728221991","VND-PT300-Cha","PT300","Charcoal","M","ACTIVE","2024-06-12","\N","2026-09-24 19:26:22.269"
"UO_ITM_01083","UO001083","7908232693397","VND-PT300-Cha","PT300","Charcoal","XS","ACTIVE","2023-10-04","\N","2026-09-24 19:26:22.269"
"UO_ITM_01084","UO001084","7805101402022","VND-PT300-Dus","PT300","Dusty Rose","S","ACTIVE","2024-07-04","\N","2026-09-24 19:26:22.269"
"UO_ITM_01085","UO001085","7148724813047","VND-PT300-Dus","PT300","Dusty Rose","XS","UNRESOLVED","2024-06-25","\N","2026-09-24 19:26:22.269"
"UO_ITM_01086","UO001086","7102157035759","VND-PT300-Ivo","PT300","Ivory","L","ACTIVE","2024-02-03","\N","2026-09-24 19:26:22.269"
"UO_ITM_01087","UO001087","7517947235462","VND-PT300-Ivo","PT300","Ivory","S","ACTIVE","2023-03-30","\N","2026-09-24 19:26:22.269"
"UO_ITM_01088","UO001088","7483114968659","VND-PT300-Ivo","PT300","Ivory","XS","ACTIVE","2023-11-05","\N","2026-09-24 19:26:22.269"
"UO_ITM_01089","UO001089","7128886607322","VND-PT300-Sag","PT300","Sage","XS","ACTIVE","2024-05-02","\N","2026-09-24 19:26:22.269"
"UO_ITM_01090","UO001090","7720655727197","VND-PT300-Ter","PT300","Terracotta","L","ACTIVE","2023-12-17","\N","2026-09-24 19:26:22.269"
"UO_ITM_01091","UO001091","7862245456629","VND-TW400-Cha","TW400","Charcoal","L","ACTIVE","2024-07-27","\N","2026-09-24 19:26:22.269"
"UO_ITM_01092","UO001092","7904270185353","VND-TW400-Cha","TW400","Charcoal","M","PENDING_REVIEW","2023-06-05","\N","2026-09-24 19:26:22.269"
"UO_ITM_01093","UO001093","7274132764611","VND-TW400-Cha","TW400","Charcoal","S","ACTIVE","2023-06-15","\N","2026-09-24 19:26:22.269"
"UO_ITM_01094","UO001094","7279302829677","VND-TW400-Cha","TW400","Charcoal","XS","ACTIVE","2023-04-18","\N","2026-09-24 19:26:22.269"
"UO_ITM_01095","UO001095","7209525865737","VND-TW400-Dus","TW400","Dusty Rose","L","ACTIVE","2024-07-18","\N","2026-09-24 19:26:22.269"
"UO_ITM_01096","UO001096","7207185638865","VND-TW400-Dus","TW400","Dusty Rose","M","ACTIVE","2023-12-10","\N","2026-09-24 19:26:22.269"
"UO_ITM_01097","UO001097","7662822607437","VND-TW400-Dus","TW400","Dusty Rose","S","ACTIVE","2024-02-10","\N","2026-09-24 19:26:22.269"
"UO_ITM_01098","UO001098","7204217066137","VND-TW400-Dus","TW400","Dusty Rose","XS","ACTIVE","2024-06-07","\N","2026-09-24 19:26:22.269"
"UO_ITM_01099","UO001099","7145087970125","VND-TW400-Ivo","TW400","Ivory","L","ACTIVE","2023-12-11","\N","2026-09-24 19:26:22.269"
"UO_ITM_01100","UO001100","7299304065590","VND-TW400-Ivo","TW400","Ivory","S","ACTIVE","2023-10-10","\N","2026-09-24 19:26:22.269"
"UO_ITM_01101","UO001101","7577869519393","VND-TW400-Ivo","TW400","Ivory","XS","UNRESOLVED","2024-05-14","\N","2026-09-24 19:26:22.269"
"UO_ITM_01102","UO001102","7295246274753","VND-TW400-Sag","TW400","Sage","M","ACTIVE","2023-12-10","\N","2026-09-24 19:26:22.269"
"UO_ITM_01103","UO001103","7806957341262","VND-TW400-Sag","TW400","Sage","XS","ACTIVE","2024-04-21","\N","2026-09-24 19:26:22.269"
"UO_ITM_01104","UO001104","7843943844757","VND-TW400-Ter","TW400","Terracotta","S","ACTIVE","2023-08-18","\N","2026-09-24 19:26:22.269"
"UO_ITM_01105","UO001105","7213291858814","VND-ET200-Cha","ET200","Charcoal","L","ACTIVE","2023-06-28","\N","2026-09-24 19:26:22.269"
"UO_ITM_01106","UO001106","7241266471153","VND-ET200-Cha","ET200","Charcoal","M","ACTIVE","2024-04-11","\N","2026-09-24 19:26:22.269"
"UO_ITM_01107","UO001107","7223834780234","VND-ET200-Dus","ET200","Dusty Rose","XS","ACTIVE","2023-06-28","\N","2026-09-24 19:26:22.269"
"UO_ITM_01108","UO001108","7794142063197","VND-ET200-Ivo","ET200","Ivory","L","PENDING_REVIEW","2023-04-26","\N","2026-09-24 19:26:22.269"
"UO_ITM_01109","UO001109","7732560228531","VND-ET200-Sag","ET200","Sage","S","ACTIVE","2024-03-30","\N","2026-09-24 19:26:22.269"
"UO_ITM_01110","UO001110","7788131059538","VND-ET200-Sag","ET200","Sage","XS","ACTIVE","2024-07-06","\N","2026-09-24 19:26:22.269"
"UO_ITM_01111","UO001111","7157423606712","VND-ET200-Ter","ET200","Terracotta","L","ACTIVE","2024-06-08","\N","2026-09-24 19:26:22.269"
"UO_ITM_01112","UO001112","7240236688010","VND-ET200-Ter","ET200","Terracotta","M","PENDING_REVIEW","2023-05-27","\N","2026-09-24 19:26:22.269"
"UO_ITM_01113","UO001113","7482230891248","VND-ET200-Ter","ET200","Terracotta","S","ACTIVE","2023-04-25","\N","2026-09-24 19:26:22.269"
"UO_ITM_01114","UO001114","7312678429627","VND-HT500-Cha","HT500","Charcoal","L","ACTIVE","2024-01-04","\N","2026-09-24 19:26:22.269"
"UO_ITM_01115","UO001115","7717770457556","VND-HT500-Cha","HT500","Charcoal","S","ACTIVE","2023-04-22","\N","2026-09-24 19:26:22.269"
"UO_ITM_01116","UO001116","7427145882692","VND-HT500-Dus","HT500","Dusty Rose","L","ACTIVE","2023-11-23","\N","2026-09-24 19:26:22.269"
"UO_ITM_01117","UO001117","7364935618103","VND-HT500-Dus","HT500","Dusty Rose","M","ACTIVE","2023-09-13","\N","2026-09-24 19:26:22.269"
"UO_ITM_01118","UO001118","7574566745860","VND-HT500-Dus","HT500","Dusty Rose","S","ACTIVE","2023-12-07","\N","2026-09-24 19:26:22.269"
"UO_ITM_01119","UO001119","7258241553067","VND-HT500-Dus","HT500","Dusty Rose","XS","ACTIVE","2023-09-26","\N","2026-09-24 19:26:22.269"
"UO_ITM_01120","UO001120","7398088711475","VND-HT500-Ivo","HT500","Ivory","S","ACTIVE","2023-07-18","\N","2026-09-24 19:26:22.269"
"UO_ITM_01121","UO001121","7286629010337","VND-HT500-Ivo","HT500","Ivory","XS","ACTIVE","2023-11-24","\N","2026-09-24 19:26:22.269"
"UO_ITM_01122","UO001122","7491275948051","VND-HT500-Sag","HT500","Sage","L","ACTIVE","2023-12-24","\N","2026-09-24 19:26:22.269"
"UO_ITM_01123","UO001123","7910700277405","VND-HT500-Sag","HT500","Sage","M","ACTIVE","2024-05-03","\N","2026-09-24 19:26:22.269"
"UO_ITM_01124","UO001124","7779305570154","VND-HT500-Ter","HT500","Terracotta","S","ACTIVE","2023-03-31","\N","2026-09-24 19:26:22.269"
"UO_ITM_01125","UO001125","7162727786616","VND-HT500-Ter","HT500","Terracotta","XS","ACTIVE","2023-04-19","\N","2026-09-24 19:26:22.269"
"UO_ITM_01126","UO001126","7168621974299","VND-MS100-Cha","MS100","Charcoal","L","ACTIVE","2023-05-27","\N","2026-09-24 19:26:22.269"
"UO_ITM_01127","UO001127","7392789012769","VND-MS100-Cha","MS100","Charcoal","M","ACTIVE","2023-10-19","\N","2026-09-24 19:26:22.269"
"UO_ITM_01128","UO001128","7674245441481","VND-MS100-Cha","MS100","Charcoal","XS","PENDING_REVIEW","2024-01-12","\N","2026-09-24 19:26:22.269"
"UO_ITM_01129","UO001129","7842156551824","VND-MS100-Dus","MS100","Dusty Rose","L","ACTIVE","2023-12-19","\N","2026-09-24 19:26:22.269"
"UO_ITM_01130","UO001130","7479609794981","VND-MS100-Dus","MS100","Dusty Rose","M","ACTIVE","2024-02-23","\N","2026-09-24 19:26:22.269"
"UO_ITM_01131","UO001131","7289198526739","VND-MS100-Dus","MS100","Dusty Rose","S","ACTIVE","2023-11-10","\N","2026-09-24 19:26:22.269"
"UO_ITM_01132","UO001132","7740622597928","VND-MS100-Dus","MS100","Dusty Rose","XS","ACTIVE","2023-05-31","\N","2026-09-24 19:26:22.269"
"UO_ITM_01133","UO001133","7807077847422","VND-MS100-Ivo","MS100","Ivory","L","ACTIVE","2024-05-29","\N","2026-09-24 19:26:22.269"
"UO_ITM_01134","UO001134","7452265767722","VND-MS100-Ivo","MS100","Ivory","M","ACTIVE","2023-08-23","\N","2026-09-24 19:26:22.269"
"UO_ITM_01135","UO001135","7295109459918","VND-MS100-Sag","MS100","Sage","L","ACTIVE","2023-04-23","\N","2026-09-24 19:26:22.269"
"UO_ITM_01136","UO001136","7148592848793","VND-MS100-Sag","MS100","Sage","M","ACTIVE","2023-06-19","\N","2026-09-24 19:26:22.269"
"UO_ITM_01137","UO001137","7148622051467","VND-MS100-Sag","MS100","Sage","S","ACTIVE","2023-09-01","\N","2026-09-24 19:26:22.269"
"UO_ITM_01138","UO001138","7563346908398","VND-MS100-Sag","MS100","Sage","XS","ACTIVE","2024-05-10","\N","2026-09-24 19:26:22.269"
"UO_ITM_01139","UO001139","7690883645334","VND-MS100-Ter","MS100","Terracotta","L","ACTIVE","2024-04-03","\N","2026-09-24 19:26:22.269"
"UO_ITM_01140","UO001140","7640022011717","VND-MS100-Ter","MS100","Terracotta","M","ACTIVE","2023-04-17","\N","2026-09-24 19:26:22.269"
"UO_ITM_01141","UO001141","7857190202620","VND-MS100-Ter","MS100","Terracotta","XS","ACTIVE","2024-07-27","\N","2026-09-24 19:26:22.269"
"UO_ITM_01142","UO001142","7624295373961","VND-PT300-Cha","PT300","Charcoal","L","UNRESOLVED","2023-09-06","\N","2026-09-24 19:26:22.269"
"UO_ITM_01143","UO001143","7191672863845","VND-PT300-Cha","PT300","Charcoal","M","ACTIVE","2023-10-17","\N","2026-09-24 19:26:22.269"
"UO_ITM_01144","UO001144","7266423868902","VND-PT300-Cha","PT300","Charcoal","S","ACTIVE","2023-06-05","\N","2026-09-24 19:26:22.269"
"UO_ITM_01145","UO001145","7207150190711","VND-PT300-Dus","PT300","Dusty Rose","L","ACTIVE","2023-04-17","\N","2026-09-24 19:26:22.269"
"UO_ITM_01146","UO001146","7803143127989","VND-PT300-Dus","PT300","Dusty Rose","S","ACTIVE","2023-12-03","\N","2026-09-24 19:26:22.269"
"UO_ITM_01147","UO001147","7317702762325","VND-PT300-Dus","PT300","Dusty Rose","XS","PENDING_REVIEW","2024-02-21","\N","2026-09-24 19:26:22.269"
"UO_ITM_01148","UO001148","7366751789963","VND-PT300-Ivo","PT300","Ivory","L","ACTIVE","2024-06-10","\N","2026-09-24 19:26:22.269"
"UO_ITM_01149","UO001149","7569807112765","VND-PT300-Ivo","PT300","Ivory","M","ACTIVE","2024-01-23","\N","2026-09-24 19:26:22.269"
"UO_ITM_01150","UO001150","7520225993266","VND-PT300-Ivo","PT300","Ivory","S","ACTIVE","2024-06-21","\N","2026-09-24 19:26:22.269"
"UO_ITM_01151","UO001151","7736286388118","VND-PT300-Ivo","PT300","Ivory","XS","ACTIVE","2023-11-22","\N","2026-09-24 19:26:22.269"
"UO_ITM_01152","UO001152","7686999289346","VND-PT300-Sag","PT300","Sage","L","ACTIVE","2023-10-12","\N","2026-09-24 19:26:22.269"
"UO_ITM_01153","UO001153","7427437997957","VND-PT300-Sag","PT300","Sage","M","ACTIVE","2023-12-31","\N","2026-09-24 19:26:22.269"
"UO_ITM_01154","UO001154","7162845257179","VND-PT300-Sag","PT300","Sage","S","ACTIVE","2024-04-26","\N","2026-09-24 19:26:22.269"
"UO_ITM_01155","UO001155","7141823917920","VND-PT300-Ter","PT300","Terracotta","L","ACTIVE","2023-12-19","\N","2026-09-24 19:26:22.269"
"UO_ITM_01156","UO001156","7577597875743","VND-PT300-Ter","PT300","Terracotta","M","ACTIVE","2023-09-08","\N","2026-09-24 19:26:22.269"
"UO_ITM_01157","UO001157","7826445337059","VND-PT300-Ter","PT300","Terracotta","S","ACTIVE","2024-05-04","\N","2026-09-24 19:26:22.269"
"UO_ITM_01158","UO001158","7332238705099","VND-PT300-Ter","PT300","Terracotta","XS","ACTIVE","2024-05-10","\N","2026-09-24 19:26:22.269"
"UO_ITM_01159","UO001159","7684897895840","VND-TW400-Cha","TW400","Charcoal","L","ACTIVE","2023-05-23","\N","2026-09-24 19:26:22.269"
"UO_ITM_01160","UO001160","7573018806277","VND-TW400-Cha","TW400","Charcoal","M","ACTIVE","2023-05-07","\N","2026-09-24 19:26:22.269"
"UO_ITM_01161","UO001161","7754725561529","VND-TW400-Cha","TW400","Charcoal","S","ACTIVE","2023-12-08","\N","2026-09-24 19:26:22.269"
"UO_ITM_01162","UO001162","7310999214613","VND-TW400-Cha","TW400","Charcoal","XS","PENDING_REVIEW","2024-07-27","\N","2026-09-24 19:26:22.269"
"UO_ITM_01163","UO001163","7677351703578","VND-TW400-Dus","TW400","Dusty Rose","L","ACTIVE","2023-12-08","\N","2026-09-24 19:26:22.269"
"UO_ITM_01164","UO001164","7710320012401","VND-TW400-Dus","TW400","Dusty Rose","S","UNRESOLVED","2023-09-21","\N","2026-09-24 19:26:22.269"
"UO_ITM_01165","UO001165","7317733217777","VND-TW400-Dus","TW400","Dusty Rose","XS","ACTIVE","2024-05-15","\N","2026-09-24 19:26:22.269"
"UO_ITM_01166","UO001166","7890629140580","VND-TW400-Ivo","TW400","Ivory","L","ACTIVE","2024-05-30","\N","2026-09-24 19:26:22.269"
"UO_ITM_01167","UO001167","7151980932161","VND-TW400-Ivo","TW400","Ivory","M","ACTIVE","2023-08-10","\N","2026-09-24 19:26:22.269"
"UO_ITM_01168","UO001168","7487507010118","VND-TW400-Sag","TW400","Sage","XS","ACTIVE","2024-07-26","\N","2026-09-24 19:26:22.269"
"UO_ITM_01169","UO001169","7208405298387","VND-TW400-Ter","TW400","Terracotta","M","ACTIVE","2023-08-02","\N","2026-09-24 19:26:22.269"
"UO_ITM_01170","UO001170","7252265934364","VND-TW400-Ter","TW400","Terracotta","S","PENDING_REVIEW","2023-07-25","\N","2026-09-24 19:26:22.269"
"UO_ITM_01171","UO001171","7603274198757","VND-ET200-Cha","ET200","Charcoal","M","ACTIVE","2023-05-25","\N","2026-09-24 19:26:22.269"
"UO_ITM_01172","UO001172","7334050293430","VND-ET200-Cha","ET200","Charcoal","S","ACTIVE","2023-10-20","\N","2026-09-24 19:26:22.269"
"UO_ITM_01173","UO001173","7716268495346","VND-ET200-Cha","ET200","Charcoal","XS","ACTIVE","2023-07-22","\N","2026-09-24 19:26:22.269"
"UO_ITM_01174","UO001174","7305825084944","VND-ET200-Dus","ET200","Dusty Rose","S","ACTIVE","2023-04-11","\N","2026-09-24 19:26:22.269"
"UO_ITM_01175","UO001175","7160149346236","VND-ET200-Ivo","ET200","Ivory","L","ACTIVE","2024-02-10","\N","2026-09-24 19:26:22.269"
"UO_ITM_01176","UO001176","7195769141126","VND-ET200-Ivo","ET200","Ivory","M","ACTIVE","2023-10-20","\N","2026-09-24 19:26:22.269"
"UO_ITM_01177","UO001177","7243281089481","VND-ET200-Ivo","ET200","Ivory","XS","ACTIVE","2023-11-10","\N","2026-09-24 19:26:22.269"
"UO_ITM_01178","UO001178","7299087763505","VND-ET200-Sag","ET200","Sage","M","ACTIVE","2023-09-04","\N","2026-09-24 19:26:22.269"
"UO_ITM_01179","UO001179","7328344724301","VND-ET200-Sag","ET200","Sage","XS","ACTIVE","2023-11-24","\N","2026-09-24 19:26:22.269"
"UO_ITM_01180","UO001180","7472865937606","VND-HT500-Cha","HT500","Charcoal","L","ACTIVE","2023-06-07","\N","2026-09-24 19:26:22.269"
"UO_ITM_01181","UO001181","7410275988525","VND-HT500-Cha","HT500","Charcoal","M","ACTIVE","2024-01-17","\N","2026-09-24 19:26:22.269"
"UO_ITM_01182","UO001182","7630879246415","VND-HT500-Cha","HT500","Charcoal","XS","ACTIVE","2023-12-22","\N","2026-09-24 19:26:22.269"
"UO_ITM_01183","UO001183","7268047849495","VND-HT500-Dus","HT500","Dusty Rose","S","ACTIVE","2024-05-26","\N","2026-09-24 19:26:22.269"
"UO_ITM_01184","UO001184","7383067009315","VND-HT500-Dus","HT500","Dusty Rose","XS","UNRESOLVED","2023-04-17","\N","2026-09-24 19:26:22.269"
"UO_ITM_01185","UO001185","7814019088261","VND-HT500-Ivo","HT500","Ivory","M","ACTIVE","2024-06-21","\N","2026-09-24 19:26:22.269"
"UO_ITM_01186","UO001186","7740630283822","VND-HT500-Ivo","HT500","Ivory","S","ACTIVE","2024-06-16","\N","2026-09-24 19:26:22.269"
"UO_ITM_01187","UO001187","7734739156211","VND-HT500-Ivo","HT500","Ivory","XS","ACTIVE","2023-09-22","\N","2026-09-24 19:26:22.269"
"UO_ITM_01188","UO001188","7197342894399","VND-HT500-Sag","HT500","Sage","L","ACTIVE","2024-02-02","\N","2026-09-24 19:26:22.269"
"UO_ITM_01189","UO001189","7761915070233","VND-HT500-Sag","HT500","Sage","S","ACTIVE","2024-06-24","\N","2026-09-24 19:26:22.269"
"UO_ITM_01190","UO001190","7512770831813","VND-HT500-Ter","HT500","Terracotta","L","ACTIVE","2024-07-10","\N","2026-09-24 19:26:22.269"
"UO_ITM_01191","UO001191","7716108413881","VND-HT500-Ter","HT500","Terracotta","M","ACTIVE","2023-05-03","\N","2026-09-24 19:26:22.269"
"UO_ITM_01192","UO001192","7442645049095","VND-MS100-Cha","MS100","Charcoal","S","ACTIVE","2023-05-09","\N","2026-09-24 19:26:22.269"
"UO_ITM_01193","UO001193","7599053554605","VND-MS100-Cha","MS100","Charcoal","XS","ACTIVE","2023-12-16","\N","2026-09-24 19:26:22.269"
"UO_ITM_01194","UO001194","7268841957381","VND-MS100-Dus","MS100","Dusty Rose","S","ACTIVE","2023-10-27","\N","2026-09-24 19:26:22.269"
"UO_ITM_01195","UO001195","7427112469048","VND-MS100-Dus","MS100","Dusty Rose","XS","ACTIVE","2023-05-01","\N","2026-09-24 19:26:22.269"
"UO_ITM_01196","UO001196","7468554185530","VND-MS100-Ivo","MS100","Ivory","L","ACTIVE","2023-10-11","\N","2026-09-24 19:26:22.269"
"UO_ITM_01197","UO001197","7111741620502","VND-MS100-Ivo","MS100","Ivory","XS","ACTIVE","2024-05-01","\N","2026-09-24 19:26:22.269"
"UO_ITM_01198","UO001198","7909223013918","VND-MS100-Sag","MS100","Sage","L","ACTIVE","2024-04-11","\N","2026-09-24 19:26:22.269"
"UO_ITM_01199","UO001199","7691986372823","VND-MS100-Sag","MS100","Sage","S","ACTIVE","2023-09-27","\N","2026-09-24 19:26:22.269"
"UO_ITM_01200","UO001200","7319176742118","VND-MS100-Sag","MS100","Sage","XS","ACTIVE","2024-06-15","\N","2026-09-24 19:26:22.269"
"UO_ITM_01201","UO001201","7204833224687","VND-MS100-Ter","MS100","Terracotta","L","ACTIVE","2023-11-10","\N","2026-09-24 19:26:22.269"
"UO_ITM_01202","UO001202","7221743313897","VND-MS100-Ter","MS100","Terracotta","M","ACTIVE","2023-09-26","\N","2026-09-24 19:26:22.269"
"UO_ITM_01203","UO001203","7459191517493","VND-MS100-Ter","MS100","Terracotta","XS","ACTIVE","2023-11-27","\N","2026-09-24 19:26:22.269"
"UO_ITM_01204","UO001204","7642973949105","VND-PT300-Cha","PT300","Charcoal","M","UNRESOLVED","2023-11-20","\N","2026-09-24 19:26:22.269"
"UO_ITM_01205","UO001205","7736700671617","VND-PT300-Dus","PT300","Dusty Rose","S","ACTIVE","2024-07-05","\N","2026-09-24 19:26:22.269"
"UO_ITM_01206","UO001206","7243898707551","VND-PT300-Sag","PT300","Sage","L","ACTIVE","2024-06-21","\N","2026-09-24 19:26:22.269"
"UO_ITM_01207","UO001207","7325270191096","VND-PT300-Sag","PT300","Sage","XS","ACTIVE","2023-10-30","\N","2026-09-24 19:26:22.269"
"UO_ITM_01208","UO001208","7887149112701","VND-TW400-Cha","TW400","Charcoal","M","ACTIVE","2024-05-13","\N","2026-09-24 19:26:22.269"
"UO_ITM_01209","UO001209","7504585180426","VND-TW400-Cha","TW400","Charcoal","S","ACTIVE","2023-09-09","\N","2026-09-24 19:26:22.269"
"UO_ITM_01210","UO001210","7285042519685","VND-TW400-Cha","TW400","Charcoal","XS","PENDING_REVIEW","2023-07-30","\N","2026-09-24 19:26:22.269"
"UO_ITM_01211","UO001211","7706242513677","VND-TW400-Dus","TW400","Dusty Rose","L","ACTIVE","2023-04-21","\N","2026-09-24 19:26:22.269"
"UO_ITM_01212","UO001212","7115580355561","VND-TW400-Ivo","TW400","Ivory","L","UNRESOLVED","2024-05-29","\N","2026-09-24 19:26:22.269"
"UO_ITM_01213","UO001213","7147079783878","VND-TW400-Sag","TW400","Sage","L","ACTIVE","2023-05-02","\N","2026-09-24 19:26:22.269"
"UO_ITM_01214","UO001214","7787258864065","VND-TW400-Sag","TW400","Sage","M","ACTIVE","2023-09-29","\N","2026-09-24 19:26:22.269"
"UO_ITM_01215","UO001215","7471831354624","VND-TW400-Sag","TW400","Sage","S","ACTIVE","2023-05-13","\N","2026-09-24 19:26:22.269"
"UO_ITM_01216","UO001216","7149630536270","VND-TW400-Ter","TW400","Terracotta","S","ACTIVE","2023-06-23","\N","2026-09-24 19:26:22.269"
"UO_ITM_01217","UO001217","7424800825350","VND-TW400-Ter","TW400","Terracotta","XS","PENDING_REVIEW","2023-03-18","\N","2026-09-24 19:26:22.269"
"UO_ITM_01218","UO001218","7297107548013","VND-ET200-Dus","ET200","Dusty Rose","M","ACTIVE","2024-01-05","\N","2026-09-24 19:26:22.269"
"UO_ITM_01219","UO001219","7894599319486","VND-ET200-Dus","ET200","Dusty Rose","S","ACTIVE","2024-07-10","\N","2026-09-24 19:26:22.269"
"UO_ITM_01220","UO001220","7832283097530","VND-ET200-Ivo","ET200","Ivory","L","PENDING_REVIEW","2023-12-01","\N","2026-09-24 19:26:22.269"
"UO_ITM_01221","UO001221","7618272529972","VND-ET200-Ivo","ET200","Ivory","M","ACTIVE","2023-08-01","\N","2026-09-24 19:26:22.269"
"UO_ITM_01222","UO001222","7616416612201","VND-ET200-Ivo","ET200","Ivory","XS","ACTIVE","2024-03-15","\N","2026-09-24 19:26:22.269"
"UO_ITM_01223","UO001223","7438277799120","VND-ET200-Ter","ET200","Terracotta","L","ACTIVE","2024-04-09","\N","2026-09-24 19:26:22.269"
"UO_ITM_01224","UO001224","7496204069924","VND-ET200-Ter","ET200","Terracotta","M","ACTIVE","2024-02-21","\N","2026-09-24 19:26:22.269"
"UO_ITM_01225","UO001225","7709180672713","VND-HT500-Cha","HT500","Charcoal","S","ACTIVE","2023-08-13","\N","2026-09-24 19:26:22.269"
"UO_ITM_01226","UO001226","7523061798429","VND-HT500-Cha","HT500","Charcoal","XS","ACTIVE","2024-06-05","\N","2026-09-24 19:26:22.269"
"UO_ITM_01227","UO001227","7540317857513","VND-HT500-Dus","HT500","Dusty Rose","M","ACTIVE","2023-07-09","\N","2026-09-24 19:26:22.269"
"UO_ITM_01228","UO001228","7686186494763","VND-HT500-Dus","HT500","Dusty Rose","S","ACTIVE","2024-02-10","\N","2026-09-24 19:26:22.269"
"UO_ITM_01229","UO001229","7998425251698","VND-HT500-Ivo","HT500","Ivory","M","ACTIVE","2024-02-17","\N","2026-09-24 19:26:22.269"
"UO_ITM_01230","UO001230","7300859628603","VND-HT500-Ivo","HT500","Ivory","XS","ACTIVE","2023-03-15","\N","2026-09-24 19:26:22.269"
"UO_ITM_01231","UO001231","7857128752931","VND-HT500-Sag","HT500","Sage","S","ACTIVE","2024-05-08","\N","2026-09-24 19:26:22.269"
"UO_ITM_01232","UO001232","7408793079320","VND-HT500-Sag","HT500","Sage","XS","ACTIVE","2023-10-28","\N","2026-09-24 19:26:22.269"
"UO_ITM_01233","UO001233","7586236863513","VND-HT500-Ter","HT500","Terracotta","L","ACTIVE","2024-04-19","\N","2026-09-24 19:26:22.269"
"UO_ITM_01234","UO001234","7823323346989","VND-HT500-Ter","HT500","Terracotta","S","ACTIVE","2023-04-01","\N","2026-09-24 19:26:22.269"
"UO_ITM_01235","UO001235","7774638877674","VND-MS100-Cha","MS100","Charcoal","S","UNRESOLVED","2023-08-20","\N","2026-09-24 19:26:22.269"
"UO_ITM_01236","UO001236","7395373915810","VND-MS100-Cha","MS100","Charcoal","XS","ACTIVE","2023-12-08","\N","2026-09-24 19:26:22.269"
"UO_ITM_01237","UO001237","7429011945605","VND-MS100-Dus","MS100","Dusty Rose","M","ACTIVE","2023-10-28","\N","2026-09-24 19:26:22.269"
"UO_ITM_01238","UO001238","7114595727054","VND-MS100-Dus","MS100","Dusty Rose","XS","UNRESOLVED","2023-05-10","\N","2026-09-24 19:26:22.269"
"UO_ITM_01239","UO001239","7171066706648","VND-MS100-Ivo","MS100","Ivory","XS","ACTIVE","2023-10-06","\N","2026-09-24 19:26:22.269"
"UO_ITM_01240","UO001240","7154698842110","VND-MS100-Sag","MS100","Sage","L","ACTIVE","2023-04-12","\N","2026-09-24 19:26:22.269"
"UO_ITM_01241","UO001241","7175035165376","VND-MS100-Sag","MS100","Sage","M","ACTIVE","2023-04-04","\N","2026-09-24 19:26:22.269"
"UO_ITM_01242","UO001242","7595784725543","VND-MS100-Ter","MS100","Terracotta","L","ACTIVE","2023-12-04","\N","2026-09-24 19:26:22.269"
"UO_ITM_01243","UO001243","7359904577837","VND-MS100-Ter","MS100","Terracotta","M","ACTIVE","2023-09-20","\N","2026-09-24 19:26:22.269"
"UO_ITM_01244","UO001244","7725311958785","VND-MS100-Ter","MS100","Terracotta","S","ACTIVE","2024-04-29","\N","2026-09-24 19:26:22.269"
"UO_ITM_01245","UO001245","7528008046799","VND-MS100-Ter","MS100","Terracotta","XS","PENDING_REVIEW","2024-01-03","\N","2026-09-24 19:26:22.269"
"UO_ITM_01246","UO001246","7689410709295","VND-PT300-Dus","PT300","Dusty Rose","XS","PENDING_REVIEW","2023-08-18","\N","2026-09-24 19:26:22.269"
"UO_ITM_01247","UO001247","7693443273122","VND-PT300-Ivo","PT300","Ivory","L","ACTIVE","2023-07-02","\N","2026-09-24 19:26:22.269"
"UO_ITM_01248","UO001248","7150198811765","VND-PT300-Ivo","PT300","Ivory","M","ACTIVE","2023-11-24","\N","2026-09-24 19:26:22.269"
"UO_ITM_01249","UO001249","7428171626608","VND-PT300-Sag","PT300","Sage","L","ACTIVE","2024-05-10","\N","2026-09-24 19:26:22.269"
"UO_ITM_01250","UO001250","7869787029150","VND-PT300-Sag","PT300","Sage","M","ACTIVE","2023-09-24","\N","2026-09-24 19:26:22.269"
"UO_ITM_01251","UO001251","7368661634086","VND-PT300-Sag","PT300","Sage","S","ACTIVE","2023-03-27","\N","2026-09-24 19:26:22.269"
"UO_ITM_01252","UO001252","7618218689121","VND-PT300-Ter","PT300","Terracotta","M","ACTIVE","2023-12-22","\N","2026-09-24 19:26:22.269"
"UO_ITM_01253","UO001253","7126646567579","VND-PT300-Ter","PT300","Terracotta","S","PENDING_REVIEW","2023-03-14","\N","2026-09-24 19:26:22.269"
"UO_ITM_01254","UO001254","7913882119107","VND-TW400-Cha","TW400","Charcoal","L","ACTIVE","2024-01-06","\N","2026-09-24 19:26:22.269"
"UO_ITM_01255","UO001255","7903578337036","VND-TW400-Cha","TW400","Charcoal","M","ACTIVE","2024-05-03","\N","2026-09-24 19:26:22.269"
"UO_ITM_01256","UO001256","7472845678139","VND-TW400-Cha","TW400","Charcoal","S","UNRESOLVED","2024-07-07","\N","2026-09-24 19:26:22.269"
"UO_ITM_01257","UO001257","7455624961331","VND-TW400-Cha","TW400","Charcoal","XS","ACTIVE","2023-09-25","\N","2026-09-24 19:26:22.269"
"UO_ITM_01258","UO001258","7401708176600","VND-TW400-Dus","TW400","Dusty Rose","L","ACTIVE","2024-07-15","\N","2026-09-24 19:26:22.269"
"UO_ITM_01259","UO001259","7128730296331","VND-TW400-Dus","TW400","Dusty Rose","XS","ACTIVE","2023-04-11","\N","2026-09-24 19:26:22.269"
"UO_ITM_01260","UO001260","7113053801983","VND-TW400-Ivo","TW400","Ivory","S","ACTIVE","2024-06-11","\N","2026-09-24 19:26:22.269"
"UO_ITM_01261","UO001261","7240741818573","VND-TW400-Ivo","TW400","Ivory","XS","ACTIVE","2023-11-28","\N","2026-09-24 19:26:22.269"
"UO_ITM_01262","UO001262","7350596812929","VND-TW400-Sag","TW400","Sage","L","PENDING_REVIEW","2023-04-02","\N","2026-09-24 19:26:22.269"
"UO_ITM_01263","UO001263","7221899206312","VND-TW400-Sag","TW400","Sage","XS","PENDING_REVIEW","2024-03-21","\N","2026-09-24 19:26:22.269"
"UO_ITM_01264","UO001264","7340390356204","VND-TW400-Ter","TW400","Terracotta","S","ACTIVE","2023-09-24","\N","2026-09-24 19:26:22.269"
"UO_ITM_01265","UO001265","7849956974010","VND-TW400-Ter","TW400","Terracotta","XS","ACTIVE","2024-05-21","\N","2026-09-24 19:26:22.269"
"UO_ITM_01266","UO001266","7553043754006","VND-ET200-Cha","ET200","Charcoal","M","ACTIVE","2023-05-18","\N","2026-09-24 19:26:22.269"
"UO_ITM_01267","UO001267","7699279978233","VND-ET200-Cha","ET200","Charcoal","XS","ACTIVE","2024-05-04","\N","2026-09-24 19:26:22.269"
"UO_ITM_01268","UO001268","7155120204278","VND-ET200-Dus","ET200","Dusty Rose","L","ACTIVE","2024-06-20","\N","2026-09-24 19:26:22.269"
"UO_ITM_01269","UO001269","7164777534933","VND-ET200-Dus","ET200","Dusty Rose","M","ACTIVE","2024-05-31","\N","2026-09-24 19:26:22.269"
"UO_ITM_01270","UO001270","7678552520733","VND-ET200-Dus","ET200","Dusty Rose","XS","ACTIVE","2023-06-03","\N","2026-09-24 19:26:22.269"
"UO_ITM_01271","UO001271","7401643379251","VND-ET200-Ivo","ET200","Ivory","XS","ACTIVE","2024-06-08","\N","2026-09-24 19:26:22.269"
"UO_ITM_01272","UO001272","7372690861439","VND-ET200-Sag","ET200","Sage","L","PENDING_REVIEW","2024-01-22","\N","2026-09-24 19:26:22.269"
"UO_ITM_01273","UO001273","7620385849731","VND-ET200-Sag","ET200","Sage","S","ACTIVE","2023-07-08","\N","2026-09-24 19:26:22.269"
"UO_ITM_01274","UO001274","7668763206025","VND-ET200-Sag","ET200","Sage","XS","UNRESOLVED","2023-12-21","\N","2026-09-24 19:26:22.269"
"UO_ITM_01275","UO001275","7762603465938","VND-HT500-Cha","HT500","Charcoal","M","ACTIVE","2023-07-19","\N","2026-09-24 19:26:22.269"
"UO_ITM_01276","UO001276","7605149821283","VND-HT500-Cha","HT500","Charcoal","S","ACTIVE","2023-10-03","\N","2026-09-24 19:26:22.269"
"UO_ITM_01277","UO001277","7232693562239","VND-HT500-Dus","HT500","Dusty Rose","L","ACTIVE","2023-10-25","\N","2026-09-24 19:26:22.269"
"UO_ITM_01278","UO001278","7424355647332","VND-HT500-Dus","HT500","Dusty Rose","M","ACTIVE","2023-05-10","\N","2026-09-24 19:26:22.269"
"UO_ITM_01279","UO001279","7361942560456","VND-HT500-Dus","HT500","Dusty Rose","XS","ACTIVE","2023-10-22","\N","2026-09-24 19:26:22.269"
"UO_ITM_01280","UO001280","7885587598558","VND-HT500-Ivo","HT500","Ivory","M","UNRESOLVED","2023-12-03","\N","2026-09-24 19:26:22.269"
"UO_ITM_01281","UO001281","7189147286592","VND-HT500-Ivo","HT500","Ivory","XS","ACTIVE","2023-10-12","\N","2026-09-24 19:26:22.269"
"UO_ITM_01282","UO001282","7466261605867","VND-HT500-Sag","HT500","Sage","L","ACTIVE","2023-06-09","\N","2026-09-24 19:26:22.269"
"UO_ITM_01283","UO001283","7759519675279","VND-HT500-Sag","HT500","Sage","M","ACTIVE","2024-01-31","\N","2026-09-24 19:26:22.269"
"UO_ITM_01284","UO001284","7889702980046","VND-HT500-Sag","HT500","Sage","S","ACTIVE","2023-06-23","\N","2026-09-24 19:26:22.269"
"UO_ITM_01285","UO001285","7742269796613","VND-HT500-Ter","HT500","Terracotta","L","UNRESOLVED","2024-06-04","\N","2026-09-24 19:26:22.269"
"UO_ITM_01286","UO001286","7533605086058","VND-HT500-Ter","HT500","Terracotta","M","ACTIVE","2023-09-23","\N","2026-09-24 19:26:22.269"
"UO_ITM_01287","UO001287","7753075271289","VND-HT500-Ter","HT500","Terracotta","S","ACTIVE","2024-03-12","\N","2026-09-24 19:26:22.269"
"UO_ITM_01288","UO001288","7668385005558","VND-HT500-Ter","HT500","Terracotta","XS","ACTIVE","2024-02-22","\N","2026-09-24 19:26:22.269"
"UO_ITM_01289","UO001289","7572122824684","VND-MS100-Cha","MS100","Charcoal","S","UNRESOLVED","2024-05-15","\N","2026-09-24 19:26:22.269"
"UO_ITM_01290","UO001290","7599086244209","VND-MS100-Cha","MS100","Charcoal","XS","ACTIVE","2024-08-01","\N","2026-09-24 19:26:22.269"
"UO_ITM_01291","UO001291","7354462677694","VND-MS100-Dus","MS100","Dusty Rose","L","ACTIVE","2023-12-14","\N","2026-09-24 19:26:22.269"
"UO_ITM_01292","UO001292","7837087673190","VND-MS100-Dus","MS100","Dusty Rose","XS","ACTIVE","2023-11-08","\N","2026-09-24 19:26:22.269"
"UO_ITM_01293","UO001293","7476451576222","VND-MS100-Ivo","MS100","Ivory","M","ACTIVE","2024-08-01","\N","2026-09-24 19:26:22.269"
"UO_ITM_01294","UO001294","7263697620350","VND-MS100-Ivo","MS100","Ivory","S","ACTIVE","2024-01-12","\N","2026-09-24 19:26:22.269"
"UO_ITM_01295","UO001295","7639847419336","VND-MS100-Ivo","MS100","Ivory","XS","ACTIVE","2023-03-16","\N","2026-09-24 19:26:22.269"
"UO_ITM_01296","UO001296","7330744029446","VND-MS100-Sag","MS100","Sage","L","ACTIVE","2023-07-28","\N","2026-09-24 19:26:22.269"
"UO_ITM_01297","UO001297","7378320170396","VND-MS100-Sag","MS100","Sage","S","ACTIVE","2023-06-03","\N","2026-09-24 19:26:22.269"
"UO_ITM_01298","UO001298","7673747935271","VND-MS100-Ter","MS100","Terracotta","M","ACTIVE","2024-04-28","\N","2026-09-24 19:26:22.269"
"UO_ITM_01299","UO001299","7902469952672","VND-MS100-Ter","MS100","Terracotta","S","ACTIVE","2023-11-19","\N","2026-09-24 19:26:22.269"
"UO_ITM_01300","UO001300","7735111343824","VND-PT300-Cha","PT300","Charcoal","M","ACTIVE","2023-10-03","\N","2026-09-24 19:26:22.269"
"UO_ITM_01301","UO001301","7544221251637","VND-PT300-Cha","PT300","Charcoal","XS","ACTIVE","2023-07-20","\N","2026-09-24 19:26:22.269"
"UO_ITM_01302","UO001302","7748717135011","VND-PT300-Dus","PT300","Dusty Rose","L","ACTIVE","2023-11-17","\N","2026-09-24 19:26:22.269"
"UO_ITM_01303","UO001303","7364322342292","VND-PT300-Dus","PT300","Dusty Rose","XS","UNRESOLVED","2024-02-07","\N","2026-09-24 19:26:22.269"
"UO_ITM_01304","UO001304","7475756903998","VND-PT300-Ivo","PT300","Ivory","S","ACTIVE","2024-07-21","\N","2026-09-24 19:26:22.269"
"UO_ITM_01305","UO001305","7123721484440","VND-PT300-Sag","PT300","Sage","L","ACTIVE","2024-04-14","\N","2026-09-24 19:26:22.269"
"UO_ITM_01306","UO001306","7213754211877","VND-PT300-Ter","PT300","Terracotta","M","ACTIVE","2023-03-29","\N","2026-09-24 19:26:22.269"
"UO_ITM_01307","UO001307","7117050009284","VND-TW400-Cha","TW400","Charcoal","L","ACTIVE","2024-03-24","\N","2026-09-24 19:26:22.269"
"UO_ITM_01308","UO001308","7772170685968","VND-TW400-Cha","TW400","Charcoal","M","ACTIVE","2023-10-31","\N","2026-09-24 19:26:22.269"
"UO_ITM_01309","UO001309","7542527144576","VND-TW400-Cha","TW400","Charcoal","XS","ACTIVE","2023-06-15","\N","2026-09-24 19:26:22.269"
"UO_ITM_01310","UO001310","7256853932935","VND-TW400-Dus","TW400","Dusty Rose","L","ACTIVE","2023-05-11","\N","2026-09-24 19:26:22.269"
"UO_ITM_01311","UO001311","7169894551651","VND-TW400-Dus","TW400","Dusty Rose","M","ACTIVE","2024-06-15","\N","2026-09-24 19:26:22.269"
"UO_ITM_01312","UO001312","7731787469406","VND-TW400-Dus","TW400","Dusty Rose","S","ACTIVE","2024-02-23","\N","2026-09-24 19:26:22.269"
"UO_ITM_01313","UO001313","7172798407304","VND-TW400-Dus","TW400","Dusty Rose","XS","ACTIVE","2024-05-23","\N","2026-09-24 19:26:22.269"
"UO_ITM_01314","UO001314","7154311615595","VND-TW400-Ivo","TW400","Ivory","M","ACTIVE","2024-07-30","\N","2026-09-24 19:26:22.269"
"UO_ITM_01315","UO001315","7415073572920","VND-TW400-Sag","TW400","Sage","L","ACTIVE","2023-03-31","\N","2026-09-24 19:26:22.269"
"UO_ITM_01316","UO001316","7742844558031","VND-TW400-Sag","TW400","Sage","M","PENDING_REVIEW","2024-07-19","\N","2026-09-24 19:26:22.269"
"UO_ITM_01317","UO001317","7874720339261","VND-TW400-Sag","TW400","Sage","S","PENDING_REVIEW","2023-09-12","\N","2026-09-24 19:26:22.269"
"UO_ITM_01318","UO001318","7125234313489","VND-TW400-Ter","TW400","Terracotta","L","ACTIVE","2023-07-30","\N","2026-09-24 19:26:22.269"
"UO_ITM_01319","UO001319","7258762310287","VND-TW400-Ter","TW400","Terracotta","M","UNRESOLVED","2023-11-14","\N","2026-09-24 19:26:22.269"
"UO_ITM_01320","UO001320","7792394182888","VND-TW400-Ter","TW400","Terracotta","S","ACTIVE","2024-07-08","\N","2026-09-24 19:26:22.269"
"UO_ITM_01321","UO001321","7657938342909","VND-ET200-Cha","ET200","Charcoal","M","ACTIVE","2023-10-11","\N","2026-09-24 19:26:22.269"
"UO_ITM_01322","UO001322","7667833090673","VND-ET200-Dus","ET200","Dusty Rose","L","ACTIVE","2023-10-18","\N","2026-09-24 19:26:22.269"
"UO_ITM_01323","UO001323","7645187313602","VND-ET200-Dus","ET200","Dusty Rose","M","ACTIVE","2023-08-08","\N","2026-09-24 19:26:22.269"
"UO_ITM_01324","UO001324","7375561876962","VND-ET200-Dus","ET200","Dusty Rose","XS","ACTIVE","2024-06-21","\N","2026-09-24 19:26:22.269"
"UO_ITM_01325","UO001325","7586013535702","VND-ET200-Ivo","ET200","Ivory","L","ACTIVE","2024-01-11","\N","2026-09-24 19:26:22.269"
"UO_ITM_01326","UO001326","7838156057588","VND-ET200-Ivo","ET200","Ivory","M","ACTIVE","2023-04-24","\N","2026-09-24 19:26:22.269"
"UO_ITM_01327","UO001327","7377343283259","VND-ET200-Ivo","ET200","Ivory","S","ACTIVE","2024-03-05","\N","2026-09-24 19:26:22.269"
"UO_ITM_01328","UO001328","7375336200658","VND-ET200-Ivo","ET200","Ivory","XS","ACTIVE","2024-02-03","\N","2026-09-24 19:26:22.269"
"UO_ITM_01329","UO001329","7646876321494","VND-ET200-Sag","ET200","Sage","L","UNRESOLVED","2023-09-09","\N","2026-09-24 19:26:22.269"
"UO_ITM_01330","UO001330","7683486143388","VND-ET200-Sag","ET200","Sage","S","ACTIVE","2023-12-21","\N","2026-09-24 19:26:22.269"
"UO_ITM_01331","UO001331","7329965063128","VND-ET200-Sag","ET200","Sage","XS","ACTIVE","2024-02-10","\N","2026-09-24 19:26:22.269"
"UO_ITM_01332","UO001332","7678182581334","VND-ET200-Ter","ET200","Terracotta","M","ACTIVE","2024-06-23","\N","2026-09-24 19:26:22.269"
"UO_ITM_01333","UO001333","7798107109534","VND-ET200-Ter","ET200","Terracotta","S","ACTIVE","2024-05-27","\N","2026-09-24 19:26:22.269"
"UO_ITM_01334","UO001334","7227006804609","VND-HT500-Cha","HT500","Charcoal","M","ACTIVE","2024-04-21","\N","2026-09-24 19:26:22.269"
"UO_ITM_01335","UO001335","7306353453473","VND-HT500-Cha","HT500","Charcoal","S","PENDING_REVIEW","2023-08-06","\N","2026-09-24 19:26:22.269"
"UO_ITM_01336","UO001336","7828733176001","VND-HT500-Cha","HT500","Charcoal","XS","ACTIVE","2024-02-15","\N","2026-09-24 19:26:22.269"
"UO_ITM_01337","UO001337","7547424650340","VND-HT500-Dus","HT500","Dusty Rose","XS","ACTIVE","2023-09-26","\N","2026-09-24 19:26:22.269"
"UO_ITM_01338","UO001338","7223482629444","VND-HT500-Ivo","HT500","Ivory","XS","ACTIVE","2024-01-15","\N","2026-09-24 19:26:22.269"
"UO_ITM_01339","UO001339","7585716243308","VND-HT500-Sag","HT500","Sage","M","ACTIVE","2023-07-21","\N","2026-09-24 19:26:22.269"
"UO_ITM_01340","UO001340","7372935936895","VND-HT500-Ter","HT500","Terracotta","L","UNRESOLVED","2024-04-15","\N","2026-09-24 19:26:22.269"
"UO_ITM_01341","UO001341","7596576262176","VND-HT500-Ter","HT500","Terracotta","S","ACTIVE","2024-05-19","\N","2026-09-24 19:26:22.269"
"UO_ITM_01342","UO001342","7171948345817","VND-MS100-Cha","MS100","Charcoal","S","ACTIVE","2023-10-02","\N","2026-09-24 19:26:22.269"
"UO_ITM_01343","UO001343","7315984316974","VND-MS100-Dus","MS100","Dusty Rose","L","ACTIVE","2023-12-20","\N","2026-09-24 19:26:22.269"
"UO_ITM_01344","UO001344","7392124783542","VND-MS100-Dus","MS100","Dusty Rose","S","PENDING_REVIEW","2023-07-26","\N","2026-09-24 19:26:22.269"
"UO_ITM_01345","UO001345","7280462163430","VND-MS100-Dus","MS100","Dusty Rose","XS","ACTIVE","2023-06-08","\N","2026-09-24 19:26:22.269"
"UO_ITM_01346","UO001346","7115769332577","VND-MS100-Ivo","MS100","Ivory","M","ACTIVE","2024-05-24","\N","2026-09-24 19:26:22.269"
"UO_ITM_01347","UO001347","7682711493698","VND-MS100-Ivo","MS100","Ivory","S","ACTIVE","2024-06-17","\N","2026-09-24 19:26:22.269"
"UO_ITM_01348","UO001348","7442927978396","VND-MS100-Ivo","MS100","Ivory","XS","ACTIVE","2023-11-03","\N","2026-09-24 19:26:22.269"
"UO_ITM_01349","UO001349","7620529864376","VND-MS100-Sag","MS100","Sage","XS","PENDING_REVIEW","2023-06-24","\N","2026-09-24 19:26:22.269"
"UO_ITM_01350","UO001350","7363008018150","VND-MS100-Ter","MS100","Terracotta","L","ACTIVE","2024-07-22","\N","2026-09-24 19:26:22.269"
"UO_ITM_01351","UO001351","7899889150459","VND-MS100-Ter","MS100","Terracotta","M","ACTIVE","2024-05-28","\N","2026-09-24 19:26:22.269"
"UO_ITM_01352","UO001352","7191519019925","VND-MS100-Ter","MS100","Terracotta","S","ACTIVE","2024-03-06","\N","2026-09-24 19:26:22.269"
"UO_ITM_01353","UO001353","7358430152866","VND-MS100-Ter","MS100","Terracotta","XS","ACTIVE","2024-07-27","\N","2026-09-24 19:26:22.269"
"UO_ITM_01354","UO001354","7667921536302","VND-PT300-Cha","PT300","Charcoal","M","ACTIVE","2024-05-17","\N","2026-09-24 19:26:22.269"
"UO_ITM_01355","UO001355","7114598905002","VND-PT300-Dus","PT300","Dusty Rose","L","ACTIVE","2024-02-21","\N","2026-09-24 19:26:22.269"
"UO_ITM_01356","UO001356","7694579918311","VND-PT300-Dus","PT300","Dusty Rose","M","ACTIVE","2023-10-29","\N","2026-09-24 19:26:22.269"
"UO_ITM_01357","UO001357","7213034279202","VND-PT300-Dus","PT300","Dusty Rose","S","PENDING_REVIEW","2023-09-18","\N","2026-09-24 19:26:22.269"
"UO_ITM_01358","UO001358","7430201559004","VND-PT300-Dus","PT300","Dusty Rose","XS","ACTIVE","2023-04-12","\N","2026-09-24 19:26:22.269"
"UO_ITM_01359","UO001359","7495571150689","VND-PT300-Ivo","PT300","Ivory","L","UNRESOLVED","2024-07-26","\N","2026-09-24 19:26:22.269"
"UO_ITM_01360","UO001360","7734441598535","VND-PT300-Ivo","PT300","Ivory","M","ACTIVE","2023-09-03","\N","2026-09-24 19:26:22.269"
"UO_ITM_01361","UO001361","7154558537677","VND-PT300-Ivo","PT300","Ivory","S","ACTIVE","2023-03-13","\N","2026-09-24 19:26:22.269"
"UO_ITM_01362","UO001362","7618143499821","VND-PT300-Sag","PT300","Sage","M","ACTIVE","2023-03-25","\N","2026-09-24 19:26:22.269"
"UO_ITM_01363","UO001363","7867933383440","VND-PT300-Sag","PT300","Sage","XS","ACTIVE","2023-12-07","\N","2026-09-24 19:26:22.269"
"UO_ITM_01364","UO001364","7456978321590","VND-PT300-Ter","PT300","Terracotta","L","UNRESOLVED","2024-05-11","\N","2026-09-24 19:26:22.269"
"UO_ITM_01365","UO001365","7433139512324","VND-PT300-Ter","PT300","Terracotta","M","PENDING_REVIEW","2023-04-18","\N","2026-09-24 19:26:22.269"
"UO_ITM_01366","UO001366","7814128349513","VND-TW400-Cha","TW400","Charcoal","L","ACTIVE","2023-07-09","\N","2026-09-24 19:26:22.269"
"UO_ITM_01367","UO001367","7318671740356","VND-TW400-Cha","TW400","Charcoal","M","ACTIVE","2024-03-29","\N","2026-09-24 19:26:22.269"
"UO_ITM_01368","UO001368","7630708598596","VND-TW400-Cha","TW400","Charcoal","XS","ACTIVE","2024-07-24","\N","2026-09-24 19:26:22.269"
"UO_ITM_01369","UO001369","7537313158447","VND-TW400-Dus","TW400","Dusty Rose","M","ACTIVE","2023-11-01","\N","2026-09-24 19:26:22.269"
"UO_ITM_01370","UO001370","7117014659521","VND-TW400-Dus","TW400","Dusty Rose","S","ACTIVE","2024-05-05","\N","2026-09-24 19:26:22.269"
"UO_ITM_01371","UO001371","7197897439628","VND-TW400-Ivo","TW400","Ivory","L","ACTIVE","2024-02-17","\N","2026-09-24 19:26:22.269"
"UO_ITM_01372","UO001372","7248773991653","VND-TW400-Ivo","TW400","Ivory","M","ACTIVE","2024-01-03","\N","2026-09-24 19:26:22.269"
"UO_ITM_01373","UO001373","7214007369806","VND-TW400-Ivo","TW400","Ivory","XS","ACTIVE","2024-05-08","\N","2026-09-24 19:26:22.269"
"UO_ITM_01374","UO001374","7694523397090","VND-TW400-Sag","TW400","Sage","S","ACTIVE","2024-06-16","\N","2026-09-24 19:26:22.269"
"UO_ITM_01375","UO001375","7509524345900","VND-TW400-Ter","TW400","Terracotta","M","ACTIVE","2023-07-30","\N","2026-09-24 19:26:22.269"
"UO_ITM_01376","UO001376","7855733281993","VND-TW400-Ter","TW400","Terracotta","S","ACTIVE","2024-03-21","\N","2026-09-24 19:26:22.269"
"UO_ITM_01377","UO001377","7508433795082","VND-TW400-Ter","TW400","Terracotta","XS","ACTIVE","2024-06-11","\N","2026-09-24 19:26:22.269"
"UO_ITM_01378","UO001378","7127096383517","VND-ET200-Cha","ET200","Charcoal","L","ACTIVE","2023-06-26","\N","2026-09-24 19:26:22.269"
"UO_ITM_01379","UO001379","7448516980431","VND-ET200-Cha","ET200","Charcoal","M","ACTIVE","2023-04-22","\N","2026-09-24 19:26:22.269"
"UO_ITM_01380","UO001380","7362909197846","VND-ET200-Cha","ET200","Charcoal","S","ACTIVE","2023-07-09","\N","2026-09-24 19:26:22.269"
"UO_ITM_01381","UO001381","7783742493113","VND-ET200-Cha","ET200","Charcoal","XS","ACTIVE","2023-07-17","\N","2026-09-24 19:26:22.269"
"UO_ITM_01382","UO001382","7713835480715","VND-ET200-Dus","ET200","Dusty Rose","L","ACTIVE","2024-06-03","\N","2026-09-24 19:26:22.269"
"UO_ITM_01383","UO001383","7482248915074","VND-ET200-Dus","ET200","Dusty Rose","M","ACTIVE","2024-04-19","\N","2026-09-24 19:26:22.269"
"UO_ITM_01384","UO001384","7712097527980","VND-ET200-Dus","ET200","Dusty Rose","S","ACTIVE","2023-11-08","\N","2026-09-24 19:26:22.269"
"UO_ITM_01385","UO001385","7914060413693","VND-ET200-Dus","ET200","Dusty Rose","XS","ACTIVE","2023-10-30","\N","2026-09-24 19:26:22.269"
"UO_ITM_01386","UO001386","7380132055696","VND-ET200-Ivo","ET200","Ivory","L","ACTIVE","2024-01-30","\N","2026-09-24 19:26:22.269"
"UO_ITM_01387","UO001387","7486057933905","VND-ET200-Ivo","ET200","Ivory","S","ACTIVE","2023-05-15","\N","2026-09-24 19:26:22.269"
"UO_ITM_01388","UO001388","7865096406579","VND-ET200-Sag","ET200","Sage","L","ACTIVE","2023-08-26","\N","2026-09-24 19:26:22.269"
"UO_ITM_01389","UO001389","7841614960966","VND-ET200-Sag","ET200","Sage","XS","ACTIVE","2023-04-21","\N","2026-09-24 19:26:22.269"
"UO_ITM_01390","UO001390","7822045168366","VND-ET200-Ter","ET200","Terracotta","L","ACTIVE","2024-05-23","\N","2026-09-24 19:26:22.269"
"UO_ITM_01391","UO001391","7160500365196","VND-ET200-Ter","ET200","Terracotta","S","ACTIVE","2023-07-08","\N","2026-09-24 19:26:22.269"
"UO_ITM_01392","UO001392","7262099789252","VND-ET200-Ter","ET200","Terracotta","XS","ACTIVE","2024-02-23","\N","2026-09-24 19:26:22.269"
"UO_ITM_01393","UO001393","7741712296919","VND-HT500-Cha","HT500","Charcoal","L","ACTIVE","2024-02-07","\N","2026-09-24 19:26:22.269"
"UO_ITM_01394","UO001394","7179493497256","VND-HT500-Cha","HT500","Charcoal","S","ACTIVE","2024-05-15","\N","2026-09-24 19:26:22.269"
"UO_ITM_01395","UO001395","7375220887038","VND-HT500-Dus","HT500","Dusty Rose","M","ACTIVE","2023-09-12","\N","2026-09-24 19:26:22.269"
"UO_ITM_01396","UO001396","7687270817683","VND-HT500-Dus","HT500","Dusty Rose","S","ACTIVE","2023-04-22","\N","2026-09-24 19:26:22.269"
"UO_ITM_01397","UO001397","7388374015227","VND-HT500-Ivo","HT500","Ivory","L","ACTIVE","2023-04-30","\N","2026-09-24 19:26:22.269"
"UO_ITM_01398","UO001398","7554201299082","VND-HT500-Ivo","HT500","Ivory","M","ACTIVE","2024-07-04","\N","2026-09-24 19:26:22.269"
"UO_ITM_01399","UO001399","7204844568266","VND-HT500-Ivo","HT500","Ivory","S","ACTIVE","2023-09-16","\N","2026-09-24 19:26:22.269"
"UO_ITM_01400","UO001400","7510669327811","VND-HT500-Ivo","HT500","Ivory","XS","PENDING_REVIEW","2024-03-06","\N","2026-09-24 19:26:22.269"
"UO_ITM_01401","UO001401","7491529302917","VND-HT500-Sag","HT500","Sage","M","ACTIVE","2023-07-06","\N","2026-09-24 19:26:22.269"
"UO_ITM_01402","UO001402","7386110902299","VND-HT500-Sag","HT500","Sage","S","ACTIVE","2023-10-10","\N","2026-09-24 19:26:22.269"
"UO_ITM_01403","UO001403","7175185472585","VND-HT500-Sag","HT500","Sage","XS","ACTIVE","2023-10-09","\N","2026-09-24 19:26:22.269"
"UO_ITM_01404","UO001404","7495305885691","VND-MS100-Cha","MS100","Charcoal","L","ACTIVE","2023-04-17","\N","2026-09-24 19:26:22.269"
"UO_ITM_01405","UO001405","7134860224218","VND-MS100-Cha","MS100","Charcoal","M","ACTIVE","2024-04-20","\N","2026-09-24 19:26:22.269"
"UO_ITM_01406","UO001406","7727333500572","VND-MS100-Dus","MS100","Dusty Rose","M","ACTIVE","2024-05-23","\N","2026-09-24 19:26:22.269"
"UO_ITM_01407","UO001407","7855384634126","VND-MS100-Dus","MS100","Dusty Rose","S","ACTIVE","2023-05-03","\N","2026-09-24 19:26:22.269"
"UO_ITM_01408","UO001408","7833537742423","VND-MS100-Ivo","MS100","Ivory","L","ACTIVE","2024-03-02","\N","2026-09-24 19:26:22.269"
"UO_ITM_01409","UO001409","7920376380576","VND-MS100-Ivo","MS100","Ivory","S","ACTIVE","2023-05-08","\N","2026-09-24 19:26:22.269"
"UO_ITM_01410","UO001410","7163438242552","VND-MS100-Sag","MS100","Sage","L","ACTIVE","2023-04-25","\N","2026-09-24 19:26:22.269"
"UO_ITM_01411","UO001411","7763822008457","VND-MS100-Ter","MS100","Terracotta","L","ACTIVE","2023-03-15","\N","2026-09-24 19:26:22.269"
"UO_ITM_01412","UO001412","7637735776924","VND-MS100-Ter","MS100","Terracotta","M","ACTIVE","2023-12-18","\N","2026-09-24 19:26:22.269"
"UO_ITM_01413","UO001413","7103526236654","VND-MS100-Ter","MS100","Terracotta","S","PENDING_REVIEW","2023-05-03","\N","2026-09-24 19:26:22.269"
"UO_ITM_01414","UO001414","7377125679260","VND-MS100-Ter","MS100","Terracotta","XS","ACTIVE","2023-05-21","\N","2026-09-24 19:26:22.269"
"UO_ITM_01415","UO001415","7757914690701","VND-PT300-Cha","PT300","Charcoal","S","ACTIVE","2024-02-24","\N","2026-09-24 19:26:22.269"
"UO_ITM_01416","UO001416","7358178550311","VND-PT300-Dus","PT300","Dusty Rose","L","ACTIVE","2024-06-26","\N","2026-09-24 19:26:22.269"
"UO_ITM_01417","UO001417","7833751912254","VND-PT300-Dus","PT300","Dusty Rose","S","ACTIVE","2024-02-20","\N","2026-09-24 19:26:22.269"
"UO_ITM_01418","UO001418","7590221021591","VND-PT300-Ivo","PT300","Ivory","M","PENDING_REVIEW","2023-05-07","\N","2026-09-24 19:26:22.269"
"UO_ITM_01419","UO001419","7270647668871","VND-PT300-Ivo","PT300","Ivory","S","ACTIVE","2023-05-25","\N","2026-09-24 19:26:22.269"
"UO_ITM_01420","UO001420","7769151915521","VND-PT300-Sag","PT300","Sage","L","PENDING_REVIEW","2024-04-06","\N","2026-09-24 19:26:22.269"
"UO_ITM_01421","UO001421","7311340759663","VND-PT300-Ter","PT300","Terracotta","L","ACTIVE","2023-08-03","\N","2026-09-24 19:26:22.269"
"UO_ITM_01422","UO001422","7791037057534","VND-PT300-Ter","PT300","Terracotta","M","ACTIVE","2024-07-13","\N","2026-09-24 19:26:22.269"
"UO_ITM_01423","UO001423","7270425827969","VND-PT300-Ter","PT300","Terracotta","S","PENDING_REVIEW","2023-09-22","\N","2026-09-24 19:26:22.269"
"UO_ITM_01424","UO001424","7566881956170","VND-TW400-Cha","TW400","Charcoal","L","ACTIVE","2024-07-08","\N","2026-09-24 19:26:22.269"
"UO_ITM_01425","UO001425","7443490291132","VND-TW400-Cha","TW400","Charcoal","XS","ACTIVE","2024-03-06","\N","2026-09-24 19:26:22.269"
"UO_ITM_01426","UO001426","7257456948693","VND-TW400-Dus","TW400","Dusty Rose","L","ACTIVE","2023-05-14","\N","2026-09-24 19:26:22.269"
"UO_ITM_01427","UO001427","7297421621813","VND-TW400-Dus","TW400","Dusty Rose","M","PENDING_REVIEW","2023-12-02","\N","2026-09-24 19:26:22.269"
"UO_ITM_01428","UO001428","7763969447103","VND-TW400-Dus","TW400","Dusty Rose","S","ACTIVE","2024-02-03","\N","2026-09-24 19:26:22.269"
"UO_ITM_01429","UO001429","7486039228538","VND-TW400-Ivo","TW400","Ivory","L","ACTIVE","2024-03-22","\N","2026-09-24 19:26:22.269"
"UO_ITM_01430","UO001430","7367779897543","VND-TW400-Ivo","TW400","Ivory","M","UNRESOLVED","2024-07-22","\N","2026-09-24 19:26:22.269"
"UO_ITM_01431","UO001431","7275107792248","VND-TW400-Ivo","TW400","Ivory","S","ACTIVE","2024-07-18","\N","2026-09-24 19:26:22.269"
"UO_ITM_01432","UO001432","7755866310046","VND-TW400-Ivo","TW400","Ivory","XS","ACTIVE","2024-06-26","\N","2026-09-24 19:26:22.269"
"UO_ITM_01433","UO001433","7275201206996","VND-TW400-Sag","TW400","Sage","L","ACTIVE","2023-07-26","\N","2026-09-24 19:26:22.269"
"UO_ITM_01434","UO001434","7360806549151","VND-TW400-Sag","TW400","Sage","S","ACTIVE","2024-02-07","\N","2026-09-24 19:26:22.269"
"UO_ITM_01435","UO001435","7783308173520","VND-TW400-Sag","TW400","Sage","XS","ACTIVE","2024-02-10","\N","2026-09-24 19:26:22.269"
"UO_ITM_01436","UO001436","7203496187548","VND-TW400-Ter","TW400","Terracotta","L","ACTIVE","2024-07-22","\N","2026-09-24 19:26:22.269"
"UO_ITM_01437","UO001437","7609204174826","VND-TW400-Ter","TW400","Terracotta","M","ACTIVE","2023-12-31","\N","2026-09-24 19:26:22.269"
"UO_ITM_01438","UO001438","7699161187338","VND-TW400-Ter","TW400","Terracotta","XS","ACTIVE","2023-12-27","\N","2026-09-24 19:26:22.269"
"UO_ITM_01439","UO001439","7135710943995","VND-ET200-Cha","ET200","Charcoal","L","ACTIVE","2024-02-22","\N","2026-09-24 19:26:22.269"
"UO_ITM_01440","UO001440","7848467591372","VND-ET200-Cha","ET200","Charcoal","M","ACTIVE","2024-01-16","\N","2026-09-24 19:26:22.269"
"UO_ITM_01441","UO001441","7362719576368","VND-ET200-Cha","ET200","Charcoal","XS","ACTIVE","2023-05-08","\N","2026-09-24 19:26:22.269"
"UO_ITM_01442","UO001442","7774095820525","VND-ET200-Dus","ET200","Dusty Rose","L","ACTIVE","2024-02-07","\N","2026-09-24 19:26:22.269"
"UO_ITM_01443","UO001443","7914066254802","VND-ET200-Dus","ET200","Dusty Rose","S","ACTIVE","2023-08-03","\N","2026-09-24 19:26:22.269"
"UO_ITM_01444","UO001444","7666898658293","VND-ET200-Ivo","ET200","Ivory","L","ACTIVE","2023-06-29","\N","2026-09-24 19:26:22.269"
"UO_ITM_01445","UO001445","7216634644020","VND-ET200-Ivo","ET200","Ivory","XS","ACTIVE","2024-04-14","\N","2026-09-24 19:26:22.269"
"UO_ITM_01446","UO001446","7150801256852","VND-ET200-Sag","ET200","Sage","L","ACTIVE","2024-06-06","\N","2026-09-24 19:26:22.269"
"UO_ITM_01447","UO001447","7783582650214","VND-ET200-Sag","ET200","Sage","S","ACTIVE","2023-12-09","\N","2026-09-24 19:26:22.269"
"UO_ITM_01448","UO001448","7315543697079","VND-ET200-Ter","ET200","Terracotta","L","ACTIVE","2023-12-05","\N","2026-09-24 19:26:22.269"
"UO_ITM_01449","UO001449","7812066042516","VND-ET200-Ter","ET200","Terracotta","M","PENDING_REVIEW","2023-11-15","\N","2026-09-24 19:26:22.269"
"UO_ITM_01450","UO001450","7994557086033","VND-ET200-Ter","ET200","Terracotta","S","ACTIVE","2024-02-01","\N","2026-09-24 19:26:22.269"
"UO_ITM_01451","UO001451","7526759072809","VND-ET200-Ter","ET200","Terracotta","XS","ACTIVE","2024-01-23","\N","2026-09-24 19:26:22.269"
"UO_ITM_01452","UO001452","7559546074558","VND-HT500-Cha","HT500","Charcoal","M","ACTIVE","2024-07-09","\N","2026-09-24 19:26:22.269"
"UO_ITM_01453","UO001453","7589796073425","VND-HT500-Cha","HT500","Charcoal","XS","ACTIVE","2023-07-30","\N","2026-09-24 19:26:22.269"
"UO_ITM_01454","UO001454","7386026503466","VND-HT500-Dus","HT500","Dusty Rose","L","ACTIVE","2024-06-07","\N","2026-09-24 19:26:22.269"
"UO_ITM_01455","UO001455","7529977034667","VND-HT500-Dus","HT500","Dusty Rose","S","ACTIVE","2023-11-09","\N","2026-09-24 19:26:22.269"
"UO_ITM_01456","UO001456","7350168222871","VND-HT500-Dus","HT500","Dusty Rose","XS","ACTIVE","2024-05-16","\N","2026-09-24 19:26:22.269"
"UO_ITM_01457","UO001457","7102783563162","VND-HT500-Ivo","HT500","Ivory","L","ACTIVE","2023-06-19","\N","2026-09-24 19:26:22.269"
"UO_ITM_01458","UO001458","7393008504558","VND-HT500-Ivo","HT500","Ivory","M","ACTIVE","2023-08-19","\N","2026-09-24 19:26:22.269"
"UO_ITM_01459","UO001459","7140054509663","VND-HT500-Ivo","HT500","Ivory","S","ACTIVE","2024-07-13","\N","2026-09-24 19:26:22.269"
"UO_ITM_01460","UO001460","7404082363991","VND-HT500-Sag","HT500","Sage","L","ACTIVE","2023-12-09","\N","2026-09-24 19:26:22.269"
"UO_ITM_01461","UO001461","7116125303120","VND-HT500-Sag","HT500","Sage","S","PENDING_REVIEW","2024-03-31","\N","2026-09-24 19:26:22.269"
"UO_ITM_01462","UO001462","7630781060029","VND-HT500-Ter","HT500","Terracotta","L","ACTIVE","2024-02-14","\N","2026-09-24 19:26:22.269"
"UO_ITM_01463","UO001463","7747022358830","VND-MS100-Cha","MS100","Charcoal","L","ACTIVE","2023-09-25","\N","2026-09-24 19:26:22.269"
"UO_ITM_01464","UO001464","7148514581825","VND-MS100-Cha","MS100","Charcoal","M","ACTIVE","2023-04-07","\N","2026-09-24 19:26:22.269"
"UO_ITM_01465","UO001465","7136879070851","VND-MS100-Cha","MS100","Charcoal","S","ACTIVE","2023-08-26","\N","2026-09-24 19:26:22.269"
"UO_ITM_01466","UO001466","7839961580352","VND-MS100-Cha","MS100","Charcoal","XS","ACTIVE","2024-01-27","\N","2026-09-24 19:26:22.269"
"UO_ITM_01467","UO001467","7893391395150","VND-MS100-Dus","MS100","Dusty Rose","M","ACTIVE","2024-07-08","\N","2026-09-24 19:26:22.269"
"UO_ITM_01468","UO001468","7663342850014","VND-MS100-Dus","MS100","Dusty Rose","S","ACTIVE","2023-06-27","\N","2026-09-24 19:26:22.269"
"UO_ITM_01469","UO001469","7581045937745","VND-MS100-Sag","MS100","Sage","L","ACTIVE","2024-02-20","\N","2026-09-24 19:26:22.269"
"UO_ITM_01470","UO001470","7611578021992","VND-MS100-Sag","MS100","Sage","S","ACTIVE","2024-04-30","\N","2026-09-24 19:26:22.269"
"UO_ITM_01471","UO001471","7181464260641","VND-MS100-Sag","MS100","Sage","XS","ACTIVE","2023-05-24","\N","2026-09-24 19:26:22.269"
"UO_ITM_01472","UO001472","7812946830848","VND-MS100-Ter","MS100","Terracotta","L","ACTIVE","2023-09-04","\N","2026-09-24 19:26:22.269"
"UO_ITM_01473","UO001473","7434036512293","VND-MS100-Ter","MS100","Terracotta","S","ACTIVE","2023-08-09","\N","2026-09-24 19:26:22.269"
"UO_ITM_01474","UO001474","7519567419567","VND-PT300-Cha","PT300","Charcoal","M","ACTIVE","2024-07-15","\N","2026-09-24 19:26:22.269"
"UO_ITM_01475","UO001475","7166435404044","VND-PT300-Cha","PT300","Charcoal","XS","ACTIVE","2023-05-12","\N","2026-09-24 19:26:22.269"
"UO_ITM_01476","UO001476","7505788351511","VND-PT300-Dus","PT300","Dusty Rose","XS","ACTIVE","2024-01-26","\N","2026-09-24 19:26:22.269"
"UO_ITM_01477","UO001477","7850540932117","VND-PT300-Ivo","PT300","Ivory","L","ACTIVE","2024-01-28","\N","2026-09-24 19:26:22.269"
"UO_ITM_01478","UO001478","7381179891372","VND-PT300-Ivo","PT300","Ivory","XS","ACTIVE","2023-07-28","\N","2026-09-24 19:26:22.269"
"UO_ITM_01479","UO001479","7851370773161","VND-PT300-Sag","PT300","Sage","S","ACTIVE","2024-03-29","\N","2026-09-24 19:26:22.269"
"UO_ITM_01480","UO001480","7189832491127","VND-PT300-Ter","PT300","Terracotta","L","ACTIVE","2023-03-26","\N","2026-09-24 19:26:22.269"
"UO_ITM_01481","UO001481","7132482827121","VND-PT300-Ter","PT300","Terracotta","S","PENDING_REVIEW","2023-04-04","\N","2026-09-24 19:26:22.269"
"UO_ITM_01482","UO001482","7253789394382","VND-PT300-Ter","PT300","Terracotta","XS","ACTIVE","2023-12-23","\N","2026-09-24 19:26:22.269"
"UO_ITM_01483","UO001483","7822427941351","VND-TW400-Cha","TW400","Charcoal","L","ACTIVE","2023-10-21","\N","2026-09-24 19:26:22.269"
"UO_ITM_01484","UO001484","7215493935265","VND-TW400-Cha","TW400","Charcoal","M","PENDING_REVIEW","2023-07-03","\N","2026-09-24 19:26:22.269"
"UO_ITM_01485","UO001485","7654193196390","VND-TW400-Dus","TW400","Dusty Rose","M","ACTIVE","2024-01-08","\N","2026-09-24 19:26:22.269"
"UO_ITM_01486","UO001486","7821224960219","VND-TW400-Dus","TW400","Dusty Rose","S","ACTIVE","2023-04-08","\N","2026-09-24 19:26:22.269"
"UO_ITM_01487","UO001487","7399119574229","VND-TW400-Dus","TW400","Dusty Rose","XS","ACTIVE","2024-01-15","\N","2026-09-24 19:26:22.269"
"UO_ITM_01488","UO001488","7138975973336","VND-TW400-Sag","TW400","Sage","M","ACTIVE","2023-08-26","\N","2026-09-24 19:26:22.269"
"UO_ITM_01489","UO001489","7583028293810","VND-TW400-Sag","TW400","Sage","S","ACTIVE","2024-07-31","\N","2026-09-24 19:26:22.269"
"UO_ITM_01490","UO001490","7795369747967","VND-TW400-Sag","TW400","Sage","XS","ACTIVE","2024-07-27","\N","2026-09-24 19:26:22.269"
"UO_ITM_01491","UO001491","7389223431441","VND-TW400-Ter","TW400","Terracotta","XS","ACTIVE","2023-05-11","\N","2026-09-24 19:26:22.269"
"UO_ITM_01492","UO001492","7191761823782","VND-ET200-Cha","ET200","Charcoal","L","ACTIVE","2024-03-05","\N","2026-09-24 19:26:22.269"
"UO_ITM_01493","UO001493","7732692615925","VND-ET200-Cha","ET200","Charcoal","M","ACTIVE","2023-06-25","\N","2026-09-24 19:26:22.269"
"UO_ITM_01494","UO001494","7477945366163","VND-ET200-Cha","ET200","Charcoal","S","ACTIVE","2024-03-27","\N","2026-09-24 19:26:22.269"
"UO_ITM_01495","UO001495","7311415398510","VND-ET200-Dus","ET200","Dusty Rose","M","ACTIVE","2023-06-28","\N","2026-09-24 19:26:22.269"
"UO_ITM_01496","UO001496","7792584821477","VND-ET200-Dus","ET200","Dusty Rose","S","ACTIVE","2023-05-22","\N","2026-09-24 19:26:22.269"
"UO_ITM_01497","UO001497","7589726193114","VND-ET200-Ivo","ET200","Ivory","L","ACTIVE","2023-12-09","\N","2026-09-24 19:26:22.269"
"UO_ITM_01498","UO001498","7503265325387","VND-ET200-Ivo","ET200","Ivory","S","ACTIVE","2024-02-24","\N","2026-09-24 19:26:22.269"
"UO_ITM_01499","UO001499","7701329578333","VND-ET200-Sag","ET200","Sage","L","ACTIVE","2024-08-02","\N","2026-09-24 19:26:22.269"
"UO_ITM_01500","UO001500","7174055838477","VND-ET200-Sag","ET200","Sage","M","PENDING_REVIEW","2024-04-29","\N","2026-09-24 19:26:22.269"
"UO_ITM_01501","UO001501","7726752661778","VND-ET200-Sag","ET200","Sage","S","ACTIVE","2024-05-28","\N","2026-09-24 19:26:22.269"
"UO_ITM_01502","UO001502","7444173210677","VND-ET200-Sag","ET200","Sage","XS","ACTIVE","2024-01-01","\N","2026-09-24 19:26:22.269"
"UO_ITM_01503","UO001503","7259448015614","VND-ET200-Ter","ET200","Terracotta","L","ACTIVE","2024-05-21","\N","2026-09-24 19:26:22.269"
"UO_ITM_01504","UO001504","7912767351103","VND-HT500-Cha","HT500","Charcoal","S","ACTIVE","2023-03-15","\N","2026-09-24 19:26:22.269"
"UO_ITM_01505","UO001505","7739290364833","VND-HT500-Dus","HT500","Dusty Rose","M","ACTIVE","2023-11-18","\N","2026-09-24 19:26:22.269"
"UO_ITM_01506","UO001506","7903316193149","VND-HT500-Dus","HT500","Dusty Rose","S","ACTIVE","2024-05-09","\N","2026-09-24 19:26:22.269"
"UO_ITM_01507","UO001507","7621234063543","VND-HT500-Ivo","HT500","Ivory","L","ACTIVE","2023-06-11","\N","2026-09-24 19:26:22.269"
"UO_ITM_01508","UO001508","7142118810697","VND-HT500-Ivo","HT500","Ivory","M","ACTIVE","2023-04-23","\N","2026-09-24 19:26:22.269"
"UO_ITM_01509","UO001509","7862819369816","VND-HT500-Sag","HT500","Sage","L","ACTIVE","2024-03-23","\N","2026-09-24 19:26:22.269"
"UO_ITM_01510","UO001510","7127773551923","VND-HT500-Sag","HT500","Sage","M","PENDING_REVIEW","2023-10-29","\N","2026-09-24 19:26:22.269"
"UO_ITM_01511","UO001511","7870054012509","VND-HT500-Sag","HT500","Sage","S","ACTIVE","2023-04-01","\N","2026-09-24 19:26:22.269"
"UO_ITM_01512","UO001512","7519781265953","VND-HT500-Ter","HT500","Terracotta","L","ACTIVE","2023-11-17","\N","2026-09-24 19:26:22.269"
"UO_ITM_01513","UO001513","7733543651799","VND-HT500-Ter","HT500","Terracotta","S","ACTIVE","2024-03-07","\N","2026-09-24 19:26:22.269"
"UO_ITM_01514","UO001514","7592703743973","VND-HT500-Ter","HT500","Terracotta","XS","PENDING_REVIEW","2024-03-21","\N","2026-09-24 19:26:22.269"
"UO_ITM_01515","UO001515","7169457660359","VND-MS100-Cha","MS100","Charcoal","L","ACTIVE","2023-08-31","\N","2026-09-24 19:26:22.269"
"UO_ITM_01516","UO001516","7859687078846","VND-MS100-Cha","MS100","Charcoal","XS","ACTIVE","2023-03-27","\N","2026-09-24 19:26:22.269"
"UO_ITM_01517","UO001517","7106287844299","VND-MS100-Dus","MS100","Dusty Rose","L","ACTIVE","2023-09-10","\N","2026-09-24 19:26:22.269"
"UO_ITM_01518","UO001518","7899544893513","VND-MS100-Ivo","MS100","Ivory","XS","PENDING_REVIEW","2023-05-05","\N","2026-09-24 19:26:22.269"
"UO_ITM_01519","UO001519","7427493860381","VND-MS100-Sag","MS100","Sage","M","ACTIVE","2024-07-10","\N","2026-09-24 19:26:22.269"
"UO_ITM_01520","UO001520","7709954917964","VND-MS100-Sag","MS100","Sage","S","ACTIVE","2024-02-28","\N","2026-09-24 19:26:22.269"
"UO_ITM_01521","UO001521","7629018309332","VND-MS100-Ter","MS100","Terracotta","M","ACTIVE","2023-11-28","\N","2026-09-24 19:26:22.269"
"UO_ITM_01522","UO001522","7311908429026","VND-PT300-Cha","PT300","Charcoal","L","ACTIVE","2023-11-11","\N","2026-09-24 19:26:22.269"
"UO_ITM_01523","UO001523","7278417451287","VND-PT300-Cha","PT300","Charcoal","S","ACTIVE","2024-05-06","\N","2026-09-24 19:26:22.269"
"UO_ITM_01524","UO001524","7783855262122","VND-PT300-Cha","PT300","Charcoal","XS","ACTIVE","2023-10-15","\N","2026-09-24 19:26:22.269"
"UO_ITM_01525","UO001525","7844540745631","VND-PT300-Dus","PT300","Dusty Rose","M","PENDING_REVIEW","2023-06-13","\N","2026-09-24 19:26:22.269"
"UO_ITM_01526","UO001526","7463711510004","VND-PT300-Dus","PT300","Dusty Rose","S","ACTIVE","2024-07-22","\N","2026-09-24 19:26:22.269"
"UO_ITM_01527","UO001527","7446498200697","VND-PT300-Dus","PT300","Dusty Rose","XS","ACTIVE","2023-06-13","\N","2026-09-24 19:26:22.269"
"UO_ITM_01528","UO001528","7258171078512","VND-PT300-Ivo","PT300","Ivory","L","UNRESOLVED","2024-05-04","\N","2026-09-24 19:26:22.269"
"UO_ITM_01529","UO001529","7491222120744","VND-PT300-Ivo","PT300","Ivory","S","ACTIVE","2024-03-18","\N","2026-09-24 19:26:22.269"
"UO_ITM_01530","UO001530","7833896569011","VND-PT300-Sag","PT300","Sage","S","UNRESOLVED","2023-07-26","\N","2026-09-24 19:26:22.269"
"UO_ITM_01531","UO001531","7300695833934","VND-PT300-Ter","PT300","Terracotta","L","ACTIVE","2023-04-21","\N","2026-09-24 19:26:22.269"
"UO_ITM_01532","UO001532","7650066905011","VND-PT300-Ter","PT300","Terracotta","M","ACTIVE","2024-01-14","\N","2026-09-24 19:26:22.269"
"UO_ITM_01533","UO001533","7324314588803","VND-TW400-Cha","TW400","Charcoal","L","ACTIVE","2023-11-13","\N","2026-09-24 19:26:22.269"
"UO_ITM_01534","UO001534","7645327104091","VND-TW400-Dus","TW400","Dusty Rose","M","ACTIVE","2024-02-23","\N","2026-09-24 19:26:22.269"
"UO_ITM_01535","UO001535","7390985769183","VND-TW400-Dus","TW400","Dusty Rose","S","ACTIVE","2023-07-18","\N","2026-09-24 19:26:22.269"
"UO_ITM_01536","UO001536","7353822318580","VND-TW400-Dus","TW400","Dusty Rose","XS","ACTIVE","2023-09-11","\N","2026-09-24 19:26:22.269"
"UO_ITM_01537","UO001537","7556996266902","VND-TW400-Ivo","TW400","Ivory","S","ACTIVE","2024-03-30","\N","2026-09-24 19:26:22.269"
"UO_ITM_01538","UO001538","7476163184266","VND-TW400-Ivo","TW400","Ivory","XS","ACTIVE","2024-03-23","\N","2026-09-24 19:26:22.269"
"UO_ITM_01539","UO001539","7282691792073","VND-TW400-Sag","TW400","Sage","XS","PENDING_REVIEW","2023-05-16","\N","2026-09-24 19:26:22.269"
"UO_ITM_01540","UO001540","7115084509330","VND-TW400-Ter","TW400","Terracotta","S","ACTIVE","2023-09-20","\N","2026-09-24 19:26:22.269"
"UO_ITM_01541","UO001541","7842620009977","VND-TW400-Ter","TW400","Terracotta","XS","ACTIVE","2023-08-28","\N","2026-09-24 19:26:22.269"
"UO_ITM_01542","UO001542","7729553803482","VND-ET200-Cha","ET200","Charcoal","L","ACTIVE","2023-04-14","\N","2026-09-24 19:26:22.269"
"UO_ITM_01543","UO001543","7279510197370","VND-ET200-Cha","ET200","Charcoal","S","ACTIVE","2024-04-15","\N","2026-09-24 19:26:22.269"
"UO_ITM_01544","UO001544","7115409708369","VND-ET200-Cha","ET200","Charcoal","XS","ACTIVE","2023-06-30","\N","2026-09-24 19:26:22.269"
"UO_ITM_01545","UO001545","7296520299894","VND-ET200-Dus","ET200","Dusty Rose","S","ACTIVE","2023-11-12","\N","2026-09-24 19:26:22.269"
"UO_ITM_01546","UO001546","7224876417279","VND-ET200-Ivo","ET200","Ivory","S","ACTIVE","2023-05-18","\N","2026-09-24 19:26:22.269"
"UO_ITM_01547","UO001547","7591131874056","VND-ET200-Ivo","ET200","Ivory","XS","ACTIVE","2023-09-20","\N","2026-09-24 19:26:22.269"
"UO_ITM_01548","UO001548","7747044634623","VND-ET200-Sag","ET200","Sage","M","PENDING_REVIEW","2024-06-11","\N","2026-09-24 19:26:22.269"
"UO_ITM_01549","UO001549","7417544012553","VND-ET200-Sag","ET200","Sage","S","ACTIVE","2024-05-15","\N","2026-09-24 19:26:22.269"
"UO_ITM_01550","UO001550","7227596761773","VND-ET200-Ter","ET200","Terracotta","XS","ACTIVE","2024-01-04","\N","2026-09-24 19:26:22.269"
"UO_ITM_01551","UO001551","7277411876748","VND-HT500-Dus","HT500","Dusty Rose","L","ACTIVE","2024-05-15","\N","2026-09-24 19:26:22.269"
"UO_ITM_01552","UO001552","7548553559457","VND-HT500-Dus","HT500","Dusty Rose","M","ACTIVE","2024-03-07","\N","2026-09-24 19:26:22.269"
"UO_ITM_01553","UO001553","7894998140116","VND-HT500-Ivo","HT500","Ivory","L","ACTIVE","2023-04-20","\N","2026-09-24 19:26:22.269"
"UO_ITM_01554","UO001554","7225012295248","VND-HT500-Ivo","HT500","Ivory","XS","ACTIVE","2023-03-26","\N","2026-09-24 19:26:22.269"
"UO_ITM_01555","UO001555","7168411853420","VND-HT500-Sag","HT500","Sage","M","ACTIVE","2023-05-31","\N","2026-09-24 19:26:22.269"
"UO_ITM_01556","UO001556","7137935727582","VND-HT500-Sag","HT500","Sage","S","ACTIVE","2023-10-22","\N","2026-09-24 19:26:22.269"
"UO_ITM_01557","UO001557","7623329489819","VND-HT500-Ter","HT500","Terracotta","L","ACTIVE","2023-07-23","\N","2026-09-24 19:26:22.269"
"UO_ITM_01558","UO001558","7741600730640","VND-HT500-Ter","HT500","Terracotta","M","ACTIVE","2023-10-26","\N","2026-09-24 19:26:22.269"
"UO_ITM_01559","UO001559","7404877687070","VND-HT500-Ter","HT500","Terracotta","S","PENDING_REVIEW","2024-05-12","\N","2026-09-24 19:26:22.269"
"UO_ITM_01560","UO001560","7608233457463","VND-HT500-Ter","HT500","Terracotta","XS","ACTIVE","2024-04-12","\N","2026-09-24 19:26:22.269"
"UO_ITM_01561","UO001561","7574220286709","VND-MS100-Cha","MS100","Charcoal","L","ACTIVE","2023-06-05","\N","2026-09-24 19:26:22.269"
"UO_ITM_01562","UO001562","7302656638544","VND-MS100-Cha","MS100","Charcoal","XS","ACTIVE","2023-09-13","\N","2026-09-24 19:26:22.269"
"UO_ITM_01563","UO001563","7368053183305","VND-MS100-Dus","MS100","Dusty Rose","S","ACTIVE","2024-07-18","\N","2026-09-24 19:26:22.269"
"UO_ITM_01564","UO001564","7545280062577","VND-MS100-Ivo","MS100","Ivory","M","ACTIVE","2023-12-25","\N","2026-09-24 19:26:22.269"
"UO_ITM_01565","UO001565","7322312980766","VND-MS100-Ivo","MS100","Ivory","S","ACTIVE","2023-05-27","\N","2026-09-24 19:26:22.269"
"UO_ITM_01566","UO001566","7691020850202","VND-MS100-Sag","MS100","Sage","S","ACTIVE","2023-03-16","\N","2026-09-24 19:26:22.269"
"UO_ITM_01567","UO001567","7499017028177","VND-MS100-Ter","MS100","Terracotta","L","ACTIVE","2024-07-12","\N","2026-09-24 19:26:22.269"
"UO_ITM_01568","UO001568","7915546510292","VND-MS100-Ter","MS100","Terracotta","M","ACTIVE","2024-05-30","\N","2026-09-24 19:26:22.269"
"UO_ITM_01569","UO001569","7212907209448","VND-PT300-Cha","PT300","Charcoal","L","ACTIVE","2024-04-09","\N","2026-09-24 19:26:22.269"
"UO_ITM_01570","UO001570","7856768355635","VND-PT300-Cha","PT300","Charcoal","M","ACTIVE","2023-04-08","\N","2026-09-24 19:26:22.269"
"UO_ITM_01571","UO001571","7841340982073","VND-PT300-Cha","PT300","Charcoal","XS","ACTIVE","2024-01-29","\N","2026-09-24 19:26:22.269"
"UO_ITM_01572","UO001572","7360961726549","VND-PT300-Ivo","PT300","Ivory","S","ACTIVE","2024-01-24","\N","2026-09-24 19:26:22.269"
"UO_ITM_01573","UO001573","7476762750711","VND-PT300-Ivo","PT300","Ivory","XS","PENDING_REVIEW","2024-07-31","\N","2026-09-24 19:26:22.269"
"UO_ITM_01574","UO001574","7378535276826","VND-PT300-Sag","PT300","Sage","M","ACTIVE","2023-07-16","\N","2026-09-24 19:26:22.269"
"UO_ITM_01575","UO001575","7245732845737","VND-PT300-Ter","PT300","Terracotta","L","ACTIVE","2024-03-26","\N","2026-09-24 19:26:22.269"
"UO_ITM_01576","UO001576","7233409903829","VND-PT300-Ter","PT300","Terracotta","M","ACTIVE","2024-04-26","\N","2026-09-24 19:26:22.269"
"UO_ITM_01577","UO001577","7657031973457","VND-PT300-Ter","PT300","Terracotta","S","ACTIVE","2023-04-27","\N","2026-09-24 19:26:22.269"
"UO_ITM_01578","UO001578","7822507773552","VND-TW400-Cha","TW400","Charcoal","M","PENDING_REVIEW","2023-03-24","\N","2026-09-24 19:26:22.269"
"UO_ITM_01579","UO001579","7314811325852","VND-TW400-Cha","TW400","Charcoal","S","ACTIVE","2023-03-26","\N","2026-09-24 19:26:22.269"
"UO_ITM_01580","UO001580","7120503865989","VND-TW400-Cha","TW400","Charcoal","XS","ACTIVE","2024-02-07","\N","2026-09-24 19:26:22.269"
"UO_ITM_01581","UO001581","7216195450802","VND-TW400-Dus","TW400","Dusty Rose","L","ACTIVE","2024-06-25","\N","2026-09-24 19:26:22.269"
"UO_ITM_01582","UO001582","7734287621804","VND-TW400-Dus","TW400","Dusty Rose","XS","ACTIVE","2024-04-12","\N","2026-09-24 19:26:22.269"
"UO_ITM_01583","UO001583","7399662608179","VND-TW400-Ivo","TW400","Ivory","L","UNRESOLVED","2023-08-27","\N","2026-09-24 19:26:22.269"
"UO_ITM_01584","UO001584","7806745404011","VND-TW400-Ivo","TW400","Ivory","XS","ACTIVE","2023-10-18","\N","2026-09-24 19:26:22.269"
"UO_ITM_01585","UO001585","7887378096612","VND-TW400-Sag","TW400","Sage","M","ACTIVE","2023-11-16","\N","2026-09-24 19:26:22.269"
"UO_ITM_01586","UO001586","7248209779745","VND-TW400-Sag","TW400","Sage","XS","ACTIVE","2023-11-16","\N","2026-09-24 19:26:22.269"
"UO_ITM_01587","UO001587","7369606674173","VND-TW400-Ter","TW400","Terracotta","S","ACTIVE","2024-01-20","\N","2026-09-24 19:26:22.269"
"UO_ITM_01588","UO001588","7574100515658","VND-TW400-Ter","TW400","Terracotta","XS","PENDING_REVIEW","2023-09-12","\N","2026-09-24 19:26:22.269"
"UO_ITM_01589","UO001589","7582726706297","VND-ET200-Cha","ET200","Charcoal","L","ACTIVE","2024-07-23","\N","2026-09-24 19:26:22.269"
"UO_ITM_01590","UO001590","7762734904885","VND-ET200-Cha","ET200","Charcoal","M","ACTIVE","2024-05-24","\N","2026-09-24 19:26:22.269"
"UO_ITM_01591","UO001591","7575893176199","VND-ET200-Cha","ET200","Charcoal","XS","ACTIVE","2024-05-08","\N","2026-09-24 19:26:22.269"
"UO_ITM_01592","UO001592","7348918385854","VND-ET200-Dus","ET200","Dusty Rose","L","UNRESOLVED","2023-09-30","\N","2026-09-24 19:26:22.269"
"UO_ITM_01593","UO001593","7367698822035","VND-ET200-Ivo","ET200","Ivory","L","ACTIVE","2024-03-31","\N","2026-09-24 19:26:22.269"
"UO_ITM_01594","UO001594","7911726492338","VND-ET200-Ivo","ET200","Ivory","M","ACTIVE","2024-07-01","\N","2026-09-24 19:26:22.269"
"UO_ITM_01595","UO001595","7584100885288","VND-ET200-Ivo","ET200","Ivory","XS","ACTIVE","2023-08-16","\N","2026-09-24 19:26:22.269"
"UO_ITM_01596","UO001596","7360054084822","VND-ET200-Sag","ET200","Sage","L","UNRESOLVED","2023-11-24","\N","2026-09-24 19:26:22.269"
"UO_ITM_01597","UO001597","7581902535744","VND-ET200-Sag","ET200","Sage","XS","PENDING_REVIEW","2024-07-19","\N","2026-09-24 19:26:22.269"
"UO_ITM_01598","UO001598","7527625220993","VND-ET200-Ter","ET200","Terracotta","S","ACTIVE","2023-06-15","\N","2026-09-24 19:26:22.269"
"UO_ITM_01599","UO001599","7306450711784","VND-ET200-Ter","ET200","Terracotta","XS","ACTIVE","2024-05-06","\N","2026-09-24 19:26:22.269"
"UO_ITM_01600","UO001600","7752756322479","VND-HT500-Cha","HT500","Charcoal","L","ACTIVE","2024-03-26","\N","2026-09-24 19:26:22.269"
"UO_ITM_01601","UO001601","7348934829406","VND-HT500-Cha","HT500","Charcoal","M","PENDING_REVIEW","2023-08-24","\N","2026-09-24 19:26:22.269"
"UO_ITM_01602","UO001602","7608172911599","VND-HT500-Cha","HT500","Charcoal","S","ACTIVE","2023-04-10","\N","2026-09-24 19:26:22.269"
"UO_ITM_01603","UO001603","7921032006840","VND-HT500-Dus","HT500","Dusty Rose","S","ACTIVE","2024-05-04","\N","2026-09-24 19:26:22.269"
"UO_ITM_01604","UO001604","7706431169993","VND-HT500-Dus","HT500","Dusty Rose","XS","PENDING_REVIEW","2023-03-11","\N","2026-09-24 19:26:22.269"
"UO_ITM_01605","UO001605","7917141629078","VND-HT500-Ivo","HT500","Ivory","M","ACTIVE","2024-07-29","\N","2026-09-24 19:26:22.269"
"UO_ITM_01606","UO001606","7896128417999","VND-HT500-Ivo","HT500","Ivory","S","ACTIVE","2024-04-07","\N","2026-09-24 19:26:22.269"
"UO_ITM_01607","UO001607","7284119921203","VND-HT500-Sag","HT500","Sage","L","PENDING_REVIEW","2023-06-13","\N","2026-09-24 19:26:22.269"
"UO_ITM_01608","UO001608","7608176301380","VND-HT500-Sag","HT500","Sage","M","PENDING_REVIEW","2023-03-11","\N","2026-09-24 19:26:22.269"
"UO_ITM_01609","UO001609","7702058339610","VND-HT500-Ter","HT500","Terracotta","L","ACTIVE","2023-12-10","\N","2026-09-24 19:26:22.269"
"UO_ITM_01610","UO001610","7392632903518","VND-HT500-Ter","HT500","Terracotta","S","ACTIVE","2023-07-27","\N","2026-09-24 19:26:22.269"
"UO_ITM_01611","UO001611","7882573520274","VND-HT500-Ter","HT500","Terracotta","XS","ACTIVE","2024-06-28","\N","2026-09-24 19:26:22.269"
"UO_ITM_01612","UO001612","7366656079680","VND-MS100-Cha","MS100","Charcoal","M","ACTIVE","2024-07-06","\N","2026-09-24 19:26:22.269"
"UO_ITM_01613","UO001613","7359334093804","VND-MS100-Cha","MS100","Charcoal","S","PENDING_REVIEW","2024-07-18","\N","2026-09-24 19:26:22.269"
"UO_ITM_01614","UO001614","7251898800487","VND-MS100-Dus","MS100","Dusty Rose","L","ACTIVE","2024-06-17","\N","2026-09-24 19:26:22.269"
"UO_ITM_01615","UO001615","7306080677143","VND-MS100-Dus","MS100","Dusty Rose","M","ACTIVE","2024-06-27","\N","2026-09-24 19:26:22.269"
"UO_ITM_01616","UO001616","7556119048373","VND-MS100-Ivo","MS100","Ivory","L","ACTIVE","2023-07-27","\N","2026-09-24 19:26:22.269"
"UO_ITM_01617","UO001617","7893121606469","VND-MS100-Ivo","MS100","Ivory","M","UNRESOLVED","2024-02-27","\N","2026-09-24 19:26:22.269"
"UO_ITM_01618","UO001618","7676155893261","VND-MS100-Sag","MS100","Sage","L","ACTIVE","2023-10-22","\N","2026-09-24 19:26:22.269"
"UO_ITM_01619","UO001619","7159706943505","VND-MS100-Sag","MS100","Sage","M","ACTIVE","2023-04-14","\N","2026-09-24 19:26:22.269"
"UO_ITM_01620","UO001620","7182736470312","VND-MS100-Sag","MS100","Sage","S","ACTIVE","2023-12-22","\N","2026-09-24 19:26:22.269"
"UO_ITM_01621","UO001621","7754742470843","VND-MS100-Sag","MS100","Sage","XS","ACTIVE","2023-03-28","\N","2026-09-24 19:26:22.269"
"UO_ITM_01622","UO001622","7551736451956","VND-MS100-Ter","MS100","Terracotta","M","ACTIVE","2023-05-10","\N","2026-09-24 19:26:22.269"
"UO_ITM_01623","UO001623","7975020272928","VND-MS100-Ter","MS100","Terracotta","S","ACTIVE","2024-05-25","\N","2026-09-24 19:26:22.269"
"UO_ITM_01624","UO001624","7760434694558","VND-MS100-Ter","MS100","Terracotta","XS","ACTIVE","2023-07-29","\N","2026-09-24 19:26:22.269"
"UO_ITM_01625","UO001625","7159853959976","VND-PT300-Cha","PT300","Charcoal","XS","ACTIVE","2023-05-13","\N","2026-09-24 19:26:22.269"
"UO_ITM_01626","UO001626","7964167139371","VND-PT300-Dus","PT300","Dusty Rose","L","ACTIVE","2024-01-08","\N","2026-09-24 19:26:22.269"
"UO_ITM_01627","UO001627","7596297318426","VND-PT300-Dus","PT300","Dusty Rose","S","ACTIVE","2023-05-19","\N","2026-09-24 19:26:22.269"
"UO_ITM_01628","UO001628","7606814501171","VND-PT300-Dus","PT300","Dusty Rose","XS","ACTIVE","2023-12-31","\N","2026-09-24 19:26:22.269"
"UO_ITM_01629","UO001629","7216975309491","VND-PT300-Ivo","PT300","Ivory","L","ACTIVE","2023-05-07","\N","2026-09-24 19:26:22.269"
"UO_ITM_01630","UO001630","7220310624604","VND-PT300-Ivo","PT300","Ivory","M","ACTIVE","2023-06-11","\N","2026-09-24 19:26:22.269"
"UO_ITM_01631","UO001631","7107016878542","VND-PT300-Ivo","PT300","Ivory","XS","UNRESOLVED","2024-01-18","\N","2026-09-24 19:26:22.269"
"UO_ITM_01632","UO001632","7160199641139","VND-PT300-Sag","PT300","Sage","L","ACTIVE","2023-12-02","\N","2026-09-24 19:26:22.269"
"UO_ITM_01633","UO001633","7428752741300","VND-PT300-Sag","PT300","Sage","M","ACTIVE","2023-11-20","\N","2026-09-24 19:26:22.269"
"UO_ITM_01634","UO001634","7770478092315","VND-PT300-Sag","PT300","Sage","XS","ACTIVE","2023-05-25","\N","2026-09-24 19:26:22.269"
"UO_ITM_01635","UO001635","7337604087028","VND-PT300-Ter","PT300","Terracotta","L","ACTIVE","2024-07-12","\N","2026-09-24 19:26:22.269"
"UO_ITM_01636","UO001636","7190617421838","VND-PT300-Ter","PT300","Terracotta","XS","ACTIVE","2023-11-20","\N","2026-09-24 19:26:22.269"
"UO_ITM_01637","UO001637","7578483595359","VND-TW400-Cha","TW400","Charcoal","L","UNRESOLVED","2024-05-30","\N","2026-09-24 19:26:22.269"
"UO_ITM_01638","UO001638","7730083448207","VND-TW400-Cha","TW400","Charcoal","XS","ACTIVE","2023-11-25","\N","2026-09-24 19:26:22.269"
"UO_ITM_01639","UO001639","7344611709507","VND-TW400-Dus","TW400","Dusty Rose","L","ACTIVE","2023-06-25","\N","2026-09-24 19:26:22.269"
"UO_ITM_01640","UO001640","7266277955064","VND-TW400-Dus","TW400","Dusty Rose","M","ACTIVE","2023-11-25","\N","2026-09-24 19:26:22.269"
"UO_ITM_01641","UO001641","7732311717840","VND-TW400-Dus","TW400","Dusty Rose","S","ACTIVE","2023-04-18","\N","2026-09-24 19:26:22.269"
"UO_ITM_01642","UO001642","7134828391940","VND-TW400-Dus","TW400","Dusty Rose","XS","ACTIVE","2023-12-17","\N","2026-09-24 19:26:22.269"
"UO_ITM_01643","UO001643","7290940547981","VND-TW400-Ivo","TW400","Ivory","L","PENDING_REVIEW","2023-07-29","\N","2026-09-24 19:26:22.269"
"UO_ITM_01644","UO001644","7260701307267","VND-TW400-Ivo","TW400","Ivory","M","ACTIVE","2023-10-29","\N","2026-09-24 19:26:22.269"
"UO_ITM_01645","UO001645","7218324870648","VND-TW400-Sag","TW400","Sage","L","ACTIVE","2023-09-22","\N","2026-09-24 19:26:22.269"
"UO_ITM_01646","UO001646","7624178073246","VND-TW400-Sag","TW400","Sage","M","ACTIVE","2023-04-12","\N","2026-09-24 19:26:22.269"
"UO_ITM_01647","UO001647","7559071726001","VND-TW400-Sag","TW400","Sage","S","ACTIVE","2023-10-11","\N","2026-09-24 19:26:22.269"
"UO_ITM_01648","UO001648","7692816524187","VND-TW400-Sag","TW400","Sage","XS","ACTIVE","2023-11-06","\N","2026-09-24 19:26:22.269"
"UO_ITM_01649","UO001649","7205174945586","VND-TW400-Ter","TW400","Terracotta","L","ACTIVE","2024-04-03","\N","2026-09-24 19:26:22.269"
"UO_ITM_01650","UO001650","7893506014872","VND-TW400-Ter","TW400","Terracotta","S","UNRESOLVED","2023-10-20","\N","2026-09-24 19:26:22.269"
